"id","nombre","link","tags","id_saga","foto","resumen"
6,häxan (cine mudo)(1922)sub-blanco,https://t.me/c/2595202697/19329,"",,,
7,häxan (cine mudo)(1922)sub-amarillo,https://t.me/c/2595202697/19330,"",,,
9,¡armas al hombro! (1918),https://t.me/c/2595202697/19340,"",,,
10,charlot maleante (1916),https://t.me/c/2595202697/19345,"",,,
11,"charlot, campeon de boxeo (1915)",https://t.me/c/2595202697/19350,"",,,
12,carreras de autos para niños (1914),https://t.me/c/2595202697/19355,"",,,
13,aventuras extraordinarias de mabel (1914),https://t.me/c/2595202697/19359,"",,,
14,"madonna - the confessions tour (live from london, england  2006) dvd full show [remastered hd]",https://t.me/c/2595202697/19364,"",,,
15,"madonna - the confessions tour (live from london, england  2006) dvd full show [remastered hd] -sub-blanco",https://t.me/c/2595202697/19365,"",,,
16,"madonna - the confessions tour (live from london, england  2006) dvd full show [remastered hd] - sub-amarillo",https://t.me/c/2595202697/19366,"",,,
17,¡fin de temporada explosivo! -amos del pantano episodio completo  (history),https://t.me/c/2595202697/19371,"",,,
18,¿nostradamus... o su hijo¿ 🤔 - el efecto nostradamus; el arrebatamiento ¦ episodio completo ) (history),https://t.me/c/2595202697/19373,"",,,
19,¡zona prohibida en sedona!  - más allá de skinwalker -episodio completo (history),https://t.me/c/2595202697/19375,"",,,
20,creando un nuevo mundo - cómo walt disney cambió el mundo (history),https://t.me/c/2595202697/19377,"",,,
21,los juicios de las brujas de salem 🔥 - grandes misterios de la historia - episodio completo (history),https://t.me/c/2595202697/19379,"",,,
22,mas alla de los templos sagrados - alienigenas ancestrales - episodio completo (history),https://t.me/c/2595202697/19381,"",,,
23,¡la era del bricolaje! - gigantes de las máquinas ¦ episodio completo (history),https://t.me/c/2595202697/19383,"",,,
24,¡tratos demoniacos! 😈 el precio de la historia - episodio completo (history),https://t.me/c/2595202697/19385,"",,,
25,¿evidencia alienígena aquí¿ - dimensiones antiguas - más allá de skinwalker -episodio completo (history),https://t.me/c/2595202697/19387,"",,,
26,¿existieron los anunnaki¿ - alienígenas ancestrales - episodio completo (history),https://t.me/c/2595202697/19389,"",,,
27,aprendiendo a volar sobre alaska - hombres de montaña ¦ episodio completo (history),https://t.me/c/2595202697/19391,"",,,
28,cerdos voodoo 🎯 -  amos del pantano; invasión de serpientes i episodio completo (history),https://t.me/c/2595202697/19393,"",,,
29,criaturas extrañas - misterios del pantano - episodio completo (history),https://t.me/c/2595202697/19395,"",,,
30,edición alienígena; formas extrañas de ovnis - la evidencia está entre nosotros  episodio completo (history),https://t.me/c/2595202697/19397,"",,,
31,el hallazgo más raro hasta hoy - tesoros super secretos - cazadores de tesoros - episodio completo (history),https://t.me/c/2595202697/19399,"",,,
32,el motor del siglo xx ⚙️  motoriza las masas - gigantes de los motores - episodio completo (history),https://t.me/c/2595202697/19401,"",,,
33,escapando de una prisión imposible 💥 - grandes escapes con morgan freeman - episodio completo (history),https://t.me/c/2595202697/19403,"",,,
34,estas competencias son una locura! ¿te animas a probarlas¿ 🤯increíble con dan aykroyd - ep completo (history),https://t.me/c/2595202697/19405,"",,,
35,final de temporada muy siniestro  - amos del pantano; invasión de serpientes i episodio completo (history),https://t.me/c/2595202697/19407,"",,,
36,la asombrosa historia de la salchicha - gigantes de la comida ¦ episodio completo (history),https://t.me/c/2595202697/19409,"",,,
37,la gran cacería de clásicos sobre ruedas - cazadores de tesoros - episodio completo (history),https://t.me/c/2595202697/19411,"",,,
38,la ira de dios y desastres divinos - inexplicable con william shatner - episodio completo (history),https://t.me/c/2595202697/19413,"",,,
39,la vida en marte - inexplicable con william shatner - episodio completo (history),https://t.me/c/2595202697/19415,"",,,
40,las maravillosas pirámides -  el universo i episodio completo (history),https://t.me/c/2595202697/19417,"",,,
41,lo mejor de; en busca del santo grial -  cazadores de tesoros - episodio completo (history),https://t.me/c/2595202697/19419,"",,,
42,medusas fuera de control  ¦  monstruos legendarios; medusas mortales  ¦ episodio completo  (history),https://t.me/c/2595202697/19421,"",,,
43,misteriosas estructuras sagradas 🗿 - maravillas sagradas con dennis quaid - episodio completo (history),https://t.me/c/2595202697/19423,"",,,
44,naves espaciales de los mayas que oculta el vaticano - alienígenas ancestrales - episodio completo (history),https://t.me/c/2595202697/19425,"",,,
45,ni los drones se salvan💥 -  el secreto de skinwalker - episodio completo (history),https://t.me/c/2595202697/19427,"",,,
46,nike y adidas; una rivalidad histórica - gigantes de la industria; mega marcas - episodio completo (history),https://t.me/c/2595202697/19429,"",,,
47,rick en el país de las maravillas 🌈- el precio de la historia - episodio completo (history),https://t.me/c/2595202697/19431,"",,,
48,rick vs corey 😡 - harrison contra harrison - el precio de la historia - episodio completo (history),https://t.me/c/2595202697/19433,"",,,
49,rick y el auto más raro del mundo 🚗 - el precio de la historia - episodio completo (history),https://t.me/c/2595202697/19435,"",,,
50,vida en la luna - inexplicable misterios del universo con william shatner - episodio completo (history),https://t.me/c/2595202697/19437,"",,,
51,ramses el grande 1-2-3(2024)(documental),https://t.me/c/2595202697/19440,"",,,
52,ramses el grande 4-5-6(2024) (documental),https://t.me/c/2595202697/19441,"",,,
53,ramses colera de un dios (documental),https://t.me/c/2595202697/19443,"",,,
54,el verdadero ramses(documental),https://t.me/c/2595202697/19445,"",,,
55,el antiguo egipto ramses (documental),https://t.me/c/2595202697/19447,"",,,
56,ramses y los carros de guerra (documental),https://t.me/c/2595202697/19449,"",,,
57,casos abiertos de la historia conspiración en el harén de ramses (documental),https://t.me/c/2595202697/19451,"",,,
5,nosferatu (cine mudo) (1922),https://t.me/c/2595202697/19325,"",,https://media.themoviedb.org/t/p/w300_and_h450_face/z45rXmIF0zl4uxRc5XcSfz6hYO6.jpg,
58,austria gp clasificacion (2025),https://t.me/c/2595202697/19455,"",,,
59,formula 1 gran premio de austria (2025),https://t.me/c/2595202697/19456,"",,,
60,canada gp clasificacion (2025),https://t.me/c/2595202697/19459,"",,,
61,formula 1 gran premio de canada (2025),https://t.me/c/2595202697/19460,"",,,
62,españa gp clasificacion (2025),https://t.me/c/2595202697/19463,"",,,
63,formula 1 gran premio de españa (2025),https://t.me/c/2595202697/19464,"",,,
64,gran bretaña gp clasificacion(2025),https://t.me/c/2595202697/19467,"",,,
65,formula 1 gran premio de gran bretaña (2025),https://t.me/c/2595202697/19468,"",,,
66,imola gp clasificacion (2025) (h.265),https://t.me/c/2595202697/19471,"",,,
67,formula 1 gran premio de imola (2025),https://t.me/c/2595202697/19472,"",,,
68,arabia saudita gp clasificacion,https://t.me/c/2595202697/19475,"",,,
69,formula 1 gran premio de arabia saudita (2025),https://t.me/c/2595202697/19476,"",,,
70,formula 1 gran premio de australia (2025),https://t.me/c/2595202697/19479,"",,,
71,monaco gp clasificacion (2025),https://t.me/c/2595202697/19482,"",,,
72,formula 1 gran premio de monaco (2025),https://t.me/c/2595202697/19483,"",,,
73,china gp practica libre,https://t.me/c/2595202697/19486,"",,,
74,china gp clasificacion sprint,https://t.me/c/2595202697/19487,"",,,
75,japon gp clasificacion,https://t.me/c/2595202697/19490,"",,,
76,miami gp clasificacion,https://t.me/c/2595202697/19493,"",,,
77,formula 1 gran premio de miami (2025),https://t.me/c/2595202697/19494,"",,,
78,hungria gp clasificacion,https://t.me/c/2595202697/19497,"",,,
79,formula 1 gran premio de hungria (2025),https://t.me/c/2595202697/19498,"",,,
80,the ten commandments(los diez mandamientos -subtitulada (1923)-sub-blanco,https://t.me/c/2595202697/19505,"",,,
81,the ten commandments(los diez mandamientos -subtitulada (1923)-sub-amarillo,https://t.me/c/2595202697/19506,"",,,
82,la fuerza del cariño (1983),https://t.me/c/2595202697/19511,"",,,
83,la pelicula del pato lucas isla fantastica (1983),https://t.me/c/2595202697/19515,"",,,
85,cara cortada (el precio del poder) (1983),https://t.me/c/2595202697/19523,"",,,
86,christine (1983),https://t.me/c/2595202697/19527,"",,,
90,vacaciones (1983),https://t.me/c/2595202697/19543,"",,,
91,la virgen y el fotografo (1983),https://t.me/c/2595202697/19547,"",,,
92,la quimera del oro (1925),https://t.me/c/2595202697/19552,"",,,
93,el jardin de la alegria (the pleasure garden)-subtitulado(cine mudo)(1925),https://t.me/c/2595202697/19556,"",,,
94,the ring (cine mudo)(1927),https://t.me/c/2595202697/19561,"",,,
95,el inquilino (cine mudo)(1927),https://t.me/c/2595202697/19565,"",,,
96,cantinflas no te engañes corazon (1937),https://t.me/c/2595202697/19570,"",,,
97,cantinflas asi es mi tierra (1937),https://t.me/c/2595202697/19574,"",,,
98,cantinflas aguila o sol (1938),https://t.me/c/2595202697/19579,"",,,
99,canaima (1945)calidad baja!,https://t.me/c/2595202697/19584,"",,,
100,la mansion de dracula (1945),https://t.me/c/2595202697/19588,"",,,
101,cuentame tu vida (1945),https://t.me/c/2595202697/19592,"",,,
102,cantinflas un dia con el diablo (1945),https://t.me/c/2595202697/19596,"",,,
103,el mago de oz (1939),https://t.me/c/2595202697/19601,"",,,
104,cantinflas el signo de la muerte (1939),https://t.me/c/2595202697/19605,"",,,
105,cantinflas festival de la comedia (1939),https://t.me/c/2595202697/19609,"",,,
106,el tercer hombre (1949),https://t.me/c/2595202697/19613,"",,,
107,decepcion (1949),https://t.me/c/2595202697/19617,"",,,
108,cantinflas el mago (1949),https://t.me/c/2595202697/19621,"",,,
109,dicen que soy mujeriego {pedro infante} (1949),https://t.me/c/2595202697/19625,"",,,
110,la mujer que yo perdi {pedro infante}  (1949),https://t.me/c/2595202697/19629,"",,,
111,la oveja negra {pedro infante}  (1949),https://t.me/c/2595202697/19633,"",,,
112,cantinflas ni sangre ni arena(1941),https://t.me/c/2595202697/19637,"",,,
113,cantinflas el gendarme desconocido (1941),https://t.me/c/2595202697/19641,"",,,
114,dumbo (1941),https://t.me/c/2595202697/19645,"",,,
121,carros de fuego (1981),https://t.me/c/2595202697/19673,"",,,
123,halloween ii (1981),https://t.me/c/2595202697/19681,"",,,
125,calles de fuego (1984),https://t.me/c/2595202697/19693,"",,,
127,despedida de soltero (1984),https://t.me/c/2595202697/19701,"",,,
131,amadeus (1984),https://t.me/c/2595202697/19717,"",,,
132,los reyes del sablazo (1984),https://t.me/c/2595202697/19721,"",,,
133,"karate kid, el momento de la verdad (1984)",https://t.me/c/2595202697/19725,"",,,
134,los supercamorristas(jackie chan) (1984),https://t.me/c/2595202697/19729,"",,,
135,loca academia de policia(1984),https://t.me/c/2595202697/19733,"",,,
136,la leyenda de bruce lee (documental)(subtitulado)(1984),https://t.me/c/2595202697/19737,"",,,
137,e.t. el extraterrestre (1982),https://t.me/c/2595202697/20404,"",,,
84,tiburon 3-d el gran tiburon (1983),https://t.me/c/2595202697/19519,"",tiburon,,
115,la profecia 3 (1981),https://t.me/c/2595202697/19649,"",profecia,,
116,el juego de la muerte ii (1981),https://t.me/c/2595202697/19653,"",lee,,
117,el despertar del diablo (1981),https://t.me/c/2595202697/19657,"",evil,,
118,el zorro y el sabueso (1981),https://t.me/c/2595202697/19661,"",sabueso,,
126,indiana jones 2 el templo de la perdicion (1984),https://t.me/c/2595202697/19697,"",indiana,,
120,mad max 2 el guerrero de la carretera (1981),https://t.me/c/2595202697/19669,"",max,,
128,la historia sin fin (1984),https://t.me/c/2595202697/19705,"",historiof,,
129,un detective suelto en hollywood (1984),https://t.me/c/2595202697/19709,"",detectivesu,,
87,superman iii (1983),https://t.me/c/2595202697/19531,"",superman1,,
88,"007 octopussy(1983)",https://t.me/c/2595202697/19535,"","007",,
89,"007 nunca digas nunca jamas(1983)",https://t.me/c/2595202697/19539,"","007",,
138,"2010 el año que hicimos contacto (1984)",https://t.me/c/2595202697/19741,"",,,
143,cocodrilo dundee (1986),https://t.me/c/2595202697/19762,"",,,
144,karate kid ii la historia continua (1986),https://t.me/c/2595202697/19766,"",,,
145,al borde de la ley (version  usa cut)(1986),https://t.me/c/2595202697/19770,"",,,
146,rescate en el barrio chino (1986),https://t.me/c/2595202697/19774,"",,,
147,loca academia de policia 3 de vuelta a la escuela(1986),https://t.me/c/2595202697/19778,"",,,
148,stagecoach (1986),https://t.me/c/2595202697/19782,"",,,
149,top gun: pasion y gloria (1986),https://t.me/c/2595202697/19786,"",,,
150,la masacre de texas 2 (1986),https://t.me/c/2595202697/19790,"",,,
151,critters extrañas criaturas (1986),https://t.me/c/2595202697/19794,"",,,
152,the deliberate stranger(sub) (1986),https://t.me/c/2595202697/19798,"",,,
153,dragon ball la leyenda de shen long (1986),https://t.me/c/2595202697/19802,"",,,
157,depredador (1987),https://t.me/c/2595202697/19819,"",,,
158,milagro en la calle 8 (1987),https://t.me/c/2595202697/19823,"",,,
160,hachiko (1987)( (ハチ公物語))(subtitulado),https://t.me/c/2595202697/19831,"",,,
161,los intocables (1987),https://t.me/c/2595202697/19835,"",,,
163,cita a ciegas (1987),https://t.me/c/2595202697/19843,"",,,
166,un mar de lios (1987),https://t.me/c/2595202697/19855,"",,,
167,benji el perseguido (1987),https://t.me/c/2595202697/19859,"",,,
168,quien es esa chica (1987),https://t.me/c/2595202697/19863,"",,,
169,loca academia de policia 4 los ciudadanos se defienden(1987),https://t.me/c/2595202697/19867,"",,,
170,hellraiser puerta al infierno (1987),https://t.me/c/2595202697/19871,"",,,
171,dragon ball la princesa durmiente del castillo embrujado (1987),https://t.me/c/2595202697/19875,"",,,
172,la roca (1996),https://t.me/c/2595202697/19880,"",,,
173,fenomeno (1996),https://t.me/c/2595202697/19884,"",,,
174,scream grita antes de morir (1996),https://t.me/c/2595202697/19888,"",,,
176,el hijo del presidente (1996),https://t.me/c/2595202697/19896,"",,,
177,dr. cable el desastre llama (1996),https://t.me/c/2595202697/19900,"",,,
179,garras{los demonios de la noche} (1996),https://t.me/c/2595202697/19908,"",,,
180,la jaula de las locas (1996),https://t.me/c/2595202697/19912,"",,,
181,mision imposible (1996),https://t.me/c/2595202697/19916,"",,,
182,matilda (1996),https://t.me/c/2595202697/19920,"",,,
183,jim y el durazno gigante (1996)(animacion),https://t.me/c/2595202697/19924,"",,,
184,susie q (1996) (sub blanco),https://t.me/c/2595202697/19927,"",,,
185,susie q (1996) (sub amarillos),https://t.me/c/2595202697/19928,"",,,
186,pusher (1996)(castellano),https://t.me/c/2595202697/19932,"",,,
187,pusher (1996)(subtitulado),https://t.me/c/2595202697/19933,"",,,
188,el dia de la independencia (1996),https://t.me/c/2595202697/19937,"",,,
189,happy gilmore (1996),https://t.me/c/2595202697/19941,"",,,
190,dr. cable el desastre llama a la puerta (1996),https://t.me/c/2595202697/19945,"",,,
191,jude (1996),https://t.me/c/2595202697/19949,"",,,
192,striptease (1996),https://t.me/c/2595202697/19953,"",,,
193,la mujer de los dos (1996),https://t.me/c/2595202697/19957,"",,,
194,hellraiser iv  el final de la dinastia sangrienta (1996),https://t.me/c/2595202697/19961,"",,,
195,dragon ball el camino hacia el poder (1996),https://t.me/c/2595202697/19965,"",,,
196,sentencia de muerte (1990),https://t.me/c/2595202697/19970,"",,,
197,capitan america (1990),https://t.me/c/2595202697/19978,"",,,
198,la muerte del increible hulk (calidad media)(1990),https://t.me/c/2595202697/19982,"",,,
199,depredador 2 (1990),https://t.me/c/2595202697/19986,"",,,
200,trampa infernal (calidad baja😞)(1990),https://t.me/c/2595202697/19990,"",,,
203,funny baby (1990),https://t.me/c/2595202697/20002,"",,,
206,"48 horas mas (1990)",https://t.me/c/2595202697/20014,"",,,
207,dick tracy (1990),https://t.me/c/2595202697/20018,"",,,
208,la noche de los muertos vivientes (1990),https://t.me/c/2595202697/20022,"",,,
209,la masacre de texas 3 (1990),https://t.me/c/2595202697/20026,"",,,
210,despertares (1990).,https://t.me/c/2595202697/20030,"",,,
211,dragon ball z el hombre mas fuerte de este mundo (1990),https://t.me/c/2595202697/20034,"",,,
212,dragon ball z la batalla mas grande de este mundo esta por comenzar (1990),https://t.me/c/2595202697/20038,"",,,
215,cuestion de honor (1992),https://t.me/c/2595202697/20051,"",,,
216,boomerang (1992),https://t.me/c/2595202697/20055,"",,,
217,batman regresa (1992),https://t.me/c/2595202697/20059,"",,,
218,chaplin (1992),https://t.me/c/2595202697/20063,"",,,
219,la cara sucia de la ley(deep cover) (1992),https://t.me/c/2595202697/20067,"",,,
139,asterix en bretaña (1986),https://t.me/c/2595202697/19746,"",asterix,,
155,el despertar del diablo 2 (1987),https://t.me/c/2595202697/19811,"",evil,,
156,los caballeros del zodiaco la reencarnación de ellis (1987),https://t.me/c/2595202697/19815,"",zodiaco,,
175,la biblia sanson y dalila (1996),https://t.me/c/2595202697/19892,,biblia,,
140,aliens: el regreso (1986),https://t.me/c/2595202697/19750,"",alien,,
214,alien³ (1992),https://t.me/c/2595202697/20047,"",alien,,
141,la mosca (1986),https://t.me/c/2595202697/19754,"",mosca,,
159,robocop (1987),https://t.me/c/2595202697/19827,"",robocop,,
201,robocop 2 (1990),https://t.me/c/2595202697/19994,"",robocop,,
142,cortocircuito (1986),https://t.me/c/2595202697/19758,"",corto,,
202,la historia sin fin ii (1990),https://t.me/c/2595202697/19998,"",historiof,,
162,un detective suelto en hollywood ii (1987),https://t.me/c/2595202697/19839,"",detectivesu,,
204,volver al futuro 3 (1990),https://t.me/c/2595202697/20006,"",volverf,,
164,superman iv en busca de la paz (1987),https://t.me/c/2595202697/19847,"",superman1,,
205,el exorcista iii (1990),https://t.me/c/2595202697/20010,"",elexorcista,,
165,"007 su nombre es peligro(1987)",https://t.me/c/2595202697/19851,"","007",,
220,la niña de las camelias(midori)-subtitulado (1992)-sub blanco,https://t.me/c/2595202697/20071,"",,,
221,la niña de las camelias(midori)-subtitulado-(1992)-sub-amarillo,https://t.me/c/2595202697/20072,"",,,
222,un equipo muy especial (1992),https://t.me/c/2595202697/20076,"",,,
223,anoche soñe contigo (1992),https://t.me/c/2595202697/20080,"",,,
224,pocion de amor nº9 (1992),https://t.me/c/2595202697/20084,"",,,
225,critters 4 (1992),https://t.me/c/2595202697/20088,"",,,
226,hellraiser iii infierno en la tierra (1992),https://t.me/c/2595202697/20092,"",,,
227,dragon ball z los guerreros mas poderosos (1992),https://t.me/c/2595202697/20096,"",,,
228,dragon ball z la pelea de los tres saiyajin (1992),https://t.me/c/2595202697/20100,"",,,
231,leyendas de pasion (1994),https://t.me/c/2595202697/20114,"",,,
232,wyatt earp (1994),https://t.me/c/2595202697/20118,"",,,
233,sueño de fuga (1994),https://t.me/c/2595202697/20122,"",,,
234,los pequeños gigantes (1994),https://t.me/c/2595202697/20126,"",,,
235,la sombra (1994),https://t.me/c/2595202697/20130,"",,,
236,doble dragon la pelicula (1994),https://t.me/c/2595202697/20134,"",,,
239,acoso sexual (1994),https://t.me/c/2595202697/20146,"",,,
240,junior (1994),https://t.me/c/2595202697/20150,"",,,
241,lassie (1994),https://t.me/c/2595202697/20154,"",,,
242,juego mortal(brainscan)(1994)(castellano),https://t.me/c/2595202697/20158,"",,,
243,los cuatro fantasticos (1994)(subtitulado),https://t.me/c/2595202697/20162,"",,,
244,karate kid 4 el nuevo karate kid(1994),https://t.me/c/2595202697/20166,"",,,
245,y donde esta el policia 33/13 el insulto final (1994),https://t.me/c/2595202697/20170,"",,,
246,asesinos por naturaleza (1994),https://t.me/c/2595202697/20174,"",,,
247,loca academia de policia 7 mision en moscu(1994),https://t.me/c/2595202697/20178,"",,,
248,cancion de cuna (castellano)(1994),https://t.me/c/2595202697/20182,"",,,
249,los picapiedra (1994),https://t.me/c/2595202697/20186,"",,,
250,dragon ball z el regreso del guerrero legendario (1994),https://t.me/c/2595202697/20190,"",,,
251,dragon ball z el combate final (1994),https://t.me/c/2595202697/20194,"",,,
252,los dioses deben estar locos 5 en china (1994)(sd)(cast),https://t.me/c/2595202697/20198,"",,,
254,mente siniestra (2005),https://t.me/c/2595202697/20205,"",,,
261,idaho el camino de mis sueños (1991),https://t.me/c/2595202697/20233,"",,,
262,bugsy (1991),https://t.me/c/2595202697/20237,"",,,
263,doble impacto (1991),https://t.me/c/2595202697/20241,"",,,
264,y donde esta el policia 2/12 (1991),https://t.me/c/2595202697/20245,"",,,
265,critters 3  se comen todo! (1991),https://t.me/c/2595202697/20249,"",,,
266,dragon ball z goku es un super saiyajin (1991),https://t.me/c/2595202697/20253,"",,,
267,dragon ball z los rivales mas poderosos (1991),https://t.me/c/2595202697/20257,"",,,
268,los dioses deben estar locos 3 (1991)(sd),https://t.me/c/2595202697/20261,"",,,
269,lucky luke (1991),https://t.me/c/2595202697/20265,"",,,
271,hulk (2003),https://t.me/c/2595202697/20284,"",,,
273,mas alla de las fronteras (2003),https://t.me/c/2595202697/20292,"",,,
274,el ultimo samurai (2003),https://t.me/c/2595202697/20296,"",,,
276,el gran pez (2003),https://t.me/c/2595202697/20306,"",,,
277,la telaraña de charlotte 2 la gran aventura de wilbur (2003),https://t.me/c/2595202697/20310,"",,,
278,el cazador de sueños (2003),https://t.me/c/2595202697/20314,"",,,
279,mar abierto (2003),https://t.me/c/2595202697/20318,"",,,
281,ju-on la maldicion 2 (2003)(subtitulada),https://t.me/c/2595202697/20326,"",,,
282,inframundo (2003),https://t.me/c/2595202697/20330,"",,,
283,"21 gramos (2003)",https://t.me/c/2595202697/20334,"",,,
284,the room (2003),https://t.me/c/2595202697/20337,"",,,
285,heroes al rescate (2003),https://t.me/c/2595202697/20341,"",,,
286,al sur de granada(castellano) (2003),https://t.me/c/2595202697/20345,"",,,
287,dos tipos duros(castellano) (2003),https://t.me/c/2595202697/20349,"",,,
288,torremolinos 73 (castellano)(2003),https://t.me/c/2595202697/20353,"",,,
289,un viernes de locos (2003),https://t.me/c/2595202697/20357,"",,,
290,la masacre de texas (2003),https://t.me/c/2595202697/20361,"",,,
291,johnny english (2003),https://t.me/c/2595202697/20365,"",,,
292,american pie 3 la boda(2003),https://t.me/c/2595202697/20369,"",,,
293,one piece  la aventura sin salida (2003),https://t.me/c/2595202697/20373,"",,,
294,el demonio 2(2003),https://t.me/c/2595202697/20377,"",,,
295,en la oscuridad de la noche (2003),https://t.me/c/2595202697/20380,"",,,
296,aquellos viejos tiempos (2003),https://t.me/c/2595202697/20384,"",,,
297,el demonio 2(2003),https://t.me/c/2595202697/20387,"",,,
298,queen rock montreal (1982),https://t.me/c/2595202697/20392,"",,,
299,tron (1982),https://t.me/c/2595202697/20396,"",,,
300,reto al destino(1982),https://t.me/c/2595202697/20400,"",,,
301,el monstruo del pantano (1982),https://t.me/c/2595202697/20408,"",,,
255,el rey leon (1994),https://t.me/c/2595202697/20209,"",rey,,
270,bad boys 2 (2003),https://t.me/c/2595202697/20280,"",boys,,
259,la profecia 4 el despertar (1991),https://t.me/c/2595202697/20225,"",profecia,,
256,el maestro borracho ii (1994),https://t.me/c/2595202697/20213,"",borracho,,
257,asterix en america (1994),https://t.me/c/2595202697/20217,"",asterix,,
258,la princesa encantada (1994),https://t.me/c/2595202697/20221,"",princesa,,
272,"mas rapido, mas furioso (2003)",https://t.me/c/2595202697/20288,"",furioso,,
229,la biblia genesis (1994),https://t.me/c/2595202697/20106,"",biblia,,
230,la biblia jacob (1994),https://t.me/c/2595202697/20110,"",biblia,,
275,la gran aventura de mortadelo y filemon (2003),https://t.me/c/2595202697/20300,"",mortadelo,,
280,destino final 2 (2003),https://t.me/c/2595202697/20322,"",destinof,,
237,la historia sin fin iii (1994),https://t.me/c/2595202697/20138,"",historiof,,
238,un detective suelto en hollywood iii (1994),https://t.me/c/2595202697/20142,"",detectivesu,,
303,el ente (1982),https://t.me/c/2595202697/20416,"",,,
304,y donde esta el piloto 2 (1982),https://t.me/c/2595202697/20420,"",,,
305,"48 horas (1982)",https://t.me/c/2595202697/20424,"",,,
306,cantinflas el barrendero(1982),https://t.me/c/2595202697/20428,"",,,
307,halloween iii  el imperio de las brujas (1982),https://t.me/c/2595202697/20432,"",,,
308,paradise (1982),https://t.me/c/2595202697/20436,"",,,
309,south park la pelicula (1999),https://t.me/c/2595202697/20441,"",,,
310,el hombre bicentenario (1999),https://t.me/c/2595202697/20445,"",,,
311,voraz(ravenous) (1999),https://t.me/c/2595202697/20449,"",,,
312,ojos bien cerrados (1999),https://t.me/c/2595202697/20453,"",,,
317,el gigante de hierro (1999),https://t.me/c/2595202697/20473,"",,,
319,cielo de octubre (1999),https://t.me/c/2595202697/20481,"",,,
320,pequeños genios (1999),https://t.me/c/2595202697/20485,"",,,
321,carga mortal (1999),https://t.me/c/2595202697/20489,"",,,
322,warlock 3 el fin de la inocencia (1999),https://t.me/c/2595202697/20493,"",,,
323,nadie conoce a nadie(castellano) (1999),https://t.me/c/2595202697/20497,"",,,
324,american pie tu primera vez(1999),https://t.me/c/2595202697/20501,"",,,
325,"10 cosas que odio de ti (1999)",https://t.me/c/2595202697/20505,"",,,
326,"13 guerreros (1999)",https://t.me/c/2595202697/20509,"",,,
327,"8mm  8 milimetros (1999)",https://t.me/c/2595202697/20513,"",,,
328,alerta en lo profundo (1999),https://t.me/c/2595202697/20517,"",,,
329,tarzan (1999),https://t.me/c/2595202697/20521,"",,,
330,gangster por un pequeño milagro (1989),https://t.me/c/2595202697/20526,"",,,
333,el secreto del abismo (1989)-theatrical cut-latino,https://t.me/c/2595202697/20539,"",,,
334,el secreto del abismo (1989)-special edition(subtitulado),https://t.me/c/2595202697/20540,"",,,
335,el secreto del abismo (1989)-special edition(castellano),https://t.me/c/2595202697/20541,"",,,
339,gangster por un pequeño milagro(1989),https://t.me/c/2595202697/20557,"",,,
341,batman (1989),https://t.me/c/2595202697/20565,"",,,
343,lo mejor de lo mejor (1989),https://t.me/c/2595202697/20570,"",,,
344,vacaciones de navidad (1989),https://t.me/c/2595202697/20574,"",,,
345,karate kid iii el desafio final (1989),https://t.me/c/2595202697/20578,"",,,
346,roger y yo(documental) (1989),https://t.me/c/2595202697/20582,"",,,
347,loca academia de policia 6 ciudad sitiada(1989),https://t.me/c/2595202697/20586,"",,,
348,warlock (1989),https://t.me/c/2595202697/20590,"",,,
349,halloween 5  la venganza de michael myers (1989),https://t.me/c/2595202697/20594,"",,,
350,dragon ball z： devuelvanme a mi gohan(1989),https://t.me/c/2595202697/20598,"",,,
351,los dioses deben estar locos ii(1989),https://t.me/c/2595202697/20602,"",,,
352,campo de sueños (1989),https://t.me/c/2595202697/20606,"",,,
353,scream 3 la mascara de la muerte (2000),https://t.me/c/2595202697/20611,"",,,
357,hombres de honor (2000),https://t.me/c/2595202697/20627,"",,,
359,billy elliot (2000),https://t.me/c/2595202697/20635,"",,,
360,mision imposible 2 (2000),https://t.me/c/2595202697/20639,"",,,
361,una tormenta perfecta (2000),https://t.me/c/2595202697/20643,"",,,
363,hombres de honor (2000),https://t.me/c/2595202697/20651,"",,,
364,pollitos en fuga (2000),https://t.me/c/2595202697/20655,"",,,
365,luces parpadeantes (2000),https://t.me/c/2595202697/20659,"",,,
366,una noche con sabrina love (2000),https://t.me/c/2595202697/20663,"",,,
367,ju-on (2000)(subtitulada),https://t.me/c/2595202697/20667,"",,,
368,ju-on 2 (2000)(subtitulada),https://t.me/c/2595202697/20671,"",,,
369,la familia de mi novia (2000),https://t.me/c/2595202697/20675,"",,,
370,brother (2000),https://t.me/c/2595202697/20679,"",,,
371,las razones de mis amigos(castellano) (2000),https://t.me/c/2595202697/20683,"",,,
372,marta y alrededores(castellano) (2000),https://t.me/c/2595202697/20687,"",,,
373,hellraiser v  inferno (2000),https://t.me/c/2595202697/20691,"",,,
374,los picapiedra en viva rock vegas (2000),https://t.me/c/2595202697/20695,"",,,
375,one piece la pelicula (2000),https://t.me/c/2595202697/20699,"",,,
376,gladiador (2000),https://t.me/c/2595202697/20703,"",,,
377,cantinflas el portero (1950),https://t.me/c/2595202697/20708,"",,,
378,tambien de dolor se canta {pedro infante}  (1950),https://t.me/c/2595202697/20712,"",,,
379,no desearas la mujer de tu hijo {pedro infante}  (1950),https://t.me/c/2595202697/20716,"",,,
380,harvey (1950),https://t.me/c/2595202697/20720,"",,,
381,la malvada (1950),https://t.me/c/2595202697/20724,"",,,
382,rio bravo (1959),https://t.me/c/2595202697/20729,"",,,
383,guerra entre planetas (1959),https://t.me/c/2595202697/20733,"",,,
331,el golpe de menhir (1989),https://t.me/c/2595202697/20530,"",asterix,,
314,asterix y obelix contra el cesar(subtitulado) (1999),https://t.me/c/2595202697/20461,"",obelix,,
302,la cosa del otro mundo (1982),https://t.me/c/2595202697/20412,"",cosa,,
315,la biblia ester (1999),https://t.me/c/2595202697/20465,"",biblia,,
316,la biblia jesus (1999),https://t.me/c/2595202697/20469,"",biblia,,
355,la biblia pablo de tarso (2000),https://t.me/c/2595202697/20619,"",biblia,,
332,los caballeros del zodiaco contra lucifer (1989),https://t.me/c/2595202697/20534,"",zodiaco,,
336,la mosca ii (1989),https://t.me/c/2595202697/20545,"",mosca,,
337,indiana jones 3 la ultima cruzada (1989),https://t.me/c/2595202697/20549,"",indiana,,
362,destino final (2000),https://t.me/c/2595202697/20647,"",destinof,,
358,el hombre sin sombra (2000),https://t.me/c/2595202697/20631,"",hombresi,,
338,volver al futuro 2 (1989),https://t.me/c/2595202697/20553,"",volverf,,
318,"007 el mundo no basta(1999)",https://t.me/c/2595202697/20477,"","007",,
340,"007 licencia para matar(1989)",https://t.me/c/2595202697/20561,"","007",,
342,batman (1989)remasterizada,https://t.me/c/2595202697/20566,"",,,
384,pueblo embrujado(warlock ) (1959),https://t.me/c/2595202697/20737,"",,,
385,cantinflas sube y baja (1959),https://t.me/c/2595202697/20741,"",,,
386,ben-hur (1959),https://t.me/c/2595202697/20745,"",,,
387,el idolo de acapulco (elvis presley)(1963),https://t.me/c/2595202697/20750,"",,,
388,el gran escape (1963),https://t.me/c/2595202697/20754,"",,,
389,santo en el museo de cera (1963),https://t.me/c/2595202697/20758,"",,,
390,una voz en las sombras (1963),https://t.me/c/2595202697/20762,"",,,
391,"el mundo esta loco, loco, loco, loco (1963)",https://t.me/c/2595202697/20766,"",,,
392,"el mundo esta loco, loco, loco, loco version extendida(1963)",https://t.me/c/2595202697/20767,"",,,
393,juana de arco (1948),https://t.me/c/2595202697/20772,"",,,
394,cantinflas el super sabio(1948),https://t.me/c/2595202697/20776,"",,,
395,los tres huastecos {pedro infante}  (1948),https://t.me/c/2595202697/20780,"",,,
396,ustedes los ricos {pedro infante}  (1948),https://t.me/c/2595202697/20784,"",,,
397,nosotros los pobres {pedro infante}  (1948),https://t.me/c/2595202697/20788,"",,,
398,el tesoro de sierra madre (1948),https://t.me/c/2595202697/20792,"",,,
399,el hombre invisible (1933),https://t.me/c/2595202697/20797,"",,,
400,la tormenta mortal (1940),https://t.me/c/2595202697/20802,"",,,
402,foreign correspondent(castellano) (1940),https://t.me/c/2595202697/20810,"",,,
403,cantinflas ahi esta el detalle(1940),https://t.me/c/2595202697/20814,"",,,
404,el ladron de bagdad (sub)(1940),https://t.me/c/2595202697/20818,"",,,
405,el bazar de las sorpresas (1940),https://t.me/c/2595202697/20822,"",,,
406,el hombre invisible vuelve (1940)subtitulado,https://t.me/c/2595202697/20826,"",,,
407,la mujer invisible (1940)subtitulado,https://t.me/c/2595202697/20830,"",,,
409,cantinflas carnaval en el tropico(1942),https://t.me/c/2595202697/20849,"",,,
410,cantinflas los tres mosqueteros(1942),https://t.me/c/2595202697/20853,"",,,
411,el espia invisible (1942)subtitulado,https://t.me/c/2595202697/20857,"",,,
414,misterio en la opera (1944),https://t.me/c/2595202697/20870,"",,,
415,la venganza del hombre invisible (1944)subtitulado,https://t.me/c/2595202697/20874,"",,,
416,el hijo de dracula (1943),https://t.me/c/2595202697/20879,"",,,
417,cantinflas el circo(1943),https://t.me/c/2595202697/20883,"",,,
418,cantinflas romeo y julieta(1943),https://t.me/c/2595202697/20887,"",,,
419,el ametralladora {pedro infante}  (1943),https://t.me/c/2595202697/20891,"",,,
420,fantasma de la opera (1943),https://t.me/c/2595202697/20895,"",,,
421,estrella de fuego(elvis presley) (1960),https://t.me/c/2595202697/20900,"",,,
423,el alamo (1960),https://t.me/c/2595202697/20908,"",,,
424,heredaras el viento (1960),https://t.me/c/2595202697/20912,"",,,
425,las novias de dracula(1960),https://t.me/c/2595202697/20916,"",,,
426,la pequeña tienda de los horrores (1960),https://t.me/c/2595202697/20920,"",,,
427,cantinflas a volar joven (1947),https://t.me/c/2595202697/20925,"",,,
428,los tres garcia {pedro infante}  (1947),https://t.me/c/2595202697/20929,"",,,
429,vuelven los garcia {pedro infante}  (1947),https://t.me/c/2595202697/20933,"",,,
430,los inconquistables (1947),https://t.me/c/2595202697/20937,"",,,
431,el indomito (elvis presley)(subtitulado)(1961),https://t.me/c/2595202697/20942,"",,,
432,amor en hawai(elvis presley) (1961),https://t.me/c/2595202697/20946,"",,,
433,la bella mentirosa (subtitulada)(1961),https://t.me/c/2595202697/20950,"",,,
434,la fosa y el pendulo (1961),https://t.me/c/2595202697/20954,"",,,
435,santo contra hombres infernales (1961),https://t.me/c/2595202697/20958,"",,,
436,cantinflas el analfabeto  (1961),https://t.me/c/2595202697/20962,"",,,
437,atlantida: el continente perdido (1961),https://t.me/c/2595202697/20966,"",,,
438,barrabas (1961),https://t.me/c/2595202697/20970,"",,,
439,mothra: la indestructible (1961),https://t.me/c/2595202697/20974,"",,,
440,el despertar (1946),https://t.me/c/2595202697/20979,"",,,
441,gilda (1946),https://t.me/c/2595202697/20983,"",,,
442,cantando bajo la lluvia (1952),https://t.me/c/2595202697/20988,"",,,
443,candilejas (1952),https://t.me/c/2595202697/20992,"",,,
444,scaramouche (1952),https://t.me/c/2595202697/20996,"",,,
445,candilejas(charles chaplin) (1952),https://t.me/c/2595202697/21000,"",,,
446,cantinflas el bombero atomico(1952),https://t.me/c/2595202697/21004,"",,,
447,ahi viene martin corona {pedro infante}  (1952),https://t.me/c/2595202697/21008,"",,,
448,el enamorado {pedro infante}  (1952),https://t.me/c/2595202697/21012,"",,,
449,un rincon cerca del cielo {pedro infante}  (1952),https://t.me/c/2595202697/21016,"",,,
450,ahora soy rico {pedro infante}  (1952),https://t.me/c/2595202697/21020,"",,,
451,a la hora señalada (1952),https://t.me/c/2595202697/21024,"",,,
452,contra todas las banderas (1952),https://t.me/c/2595202697/21028,"",,,
453,cantinflas el siete machos(1951),https://t.me/c/2595202697/21033,"",,,
454,las mujeres de mi general {pedro infante}  (1951),https://t.me/c/2595202697/21037,"",,,
455,que te ha dado esa mujer? {pedro infante}  (1951),https://t.me/c/2595202697/21041,"",,,
456,a.t.m. ¡a toda maquina! {pedro infante}  (1951),https://t.me/c/2595202697/21045,"",,,
457,las islas marias {pedro infante}  (1951),https://t.me/c/2595202697/21049,"",,,
458,un tranvia llamado deseo (1951),https://t.me/c/2595202697/21053,"",,,
459,chicas armadas y peligrosas (2013),https://t.me/c/2595202697/21059,"",,,
460,ninfomania primera parte (2013),https://t.me/c/2595202697/21063,"",,,
461,ninfomania segunda parte (2013),https://t.me/c/2595202697/21067,"",,,
462,el increible burt wonderstone (2013),https://t.me/c/2595202697/21071,"",,,
463,mi villano favorito 2 (2013),https://t.me/c/2595202697/21075,"",,,
401,la mano de la momia(1940),https://t.me/c/2595202697/20806,"",momiau,,
408,la tumba de la momia(1942),https://t.me/c/2595202697/20845,"",momiau,,
412,el fantasma de la momia(1944),https://t.me/c/2595202697/20862,"",momiau,,
413,la maldicion de la momia(1944),https://t.me/c/2595202697/20866,"",momiau,,
464,los juegos del hambre en llamas (2013),https://t.me/c/2595202697/21079,"",,,
465,a madea christmas(subtitulado) (2013)(sub-blanco),https://t.me/c/2595202697/21083,"",,,
466,a madea christmassubtitulado (2013)(sub-amarillo),https://t.me/c/2595202697/21084,"",,,
467,el ultimo exorcismo parte ii (2013),https://t.me/c/2595202697/21088,"",,,
468,extrañas apariciones 2 (2013)(subtitulado),https://t.me/c/2595202697/21092,"",,,
469,los ilusionistas nada es lo que parece (2013),https://t.me/c/2595202697/21096,"",,,
470,roa (2013),https://t.me/c/2595202697/21100,"",,,
471,la gran familia española (2013),https://t.me/c/2595202697/21104,"",,,
472,thor un mundo oscuro (2013),https://t.me/c/2595202697/21108,"",,,
473,masacre en texas  herencia maldita (2013),https://t.me/c/2595202697/21112,"",,,
474,red 2 (2013),https://t.me/c/2595202697/21116,"",,,
475,la noche de la expiacion (2013),https://t.me/c/2595202697/21120,"",,,
476,olimpo bajo fuego (2013),https://t.me/c/2595202697/21124,"",,,
477,"3096 dias (2013)",https://t.me/c/2595202697/21128,"",,,
478,"47 ronin la leyenda del samurai(2013)",https://t.me/c/2595202697/21132,"",,,
479,dragon ball z la batalla de los dioses (2013),https://t.me/c/2595202697/21136,"",,,
480,dulce venganza 2 (2013),https://t.me/c/2595202697/21140,"",,,
481,windstorm (2013)subtitulado,https://t.me/c/2595202697/21144,"",,,
482,se levanta el viento (2013),https://t.me/c/2595202697/21148,"",,,
483,soldados de hielo (2013),https://t.me/c/2595202697/21152,"",,,
484,escandalo americano (2013),https://t.me/c/2595202697/21155,"",,,
485,jazmin azul (blue jasmine) (2013),https://t.me/c/2595202697/21159,"",,,
487,cuernos (2013),https://t.me/c/2595202697/21167,"",,,
488,el conjuro (2013),https://t.me/c/2595202697/21171,"",,,
490,"12 años de esclavitud (2013)",https://t.me/c/2595202697/21179,"",,,
493,bajo la piel  (2013),https://t.me/c/2595202697/21191,"",,,
494,sucedio una noche (1934),https://t.me/c/2595202697/21197,"",,,
498,todos los hombres del presidente (1976),https://t.me/c/2595202697/21214,"",,,
499,asalto a la comisaria del distrito 13 (1976),https://t.me/c/2595202697/21218,"",,,
500,pandilla de picaros (1976),https://t.me/c/2595202697/21222,"",,,
501,fuga en el siglo xxiii (1976),https://t.me/c/2595202697/21226,"",,,
502,"orca, la ballena asesina (1977)",https://t.me/c/2595202697/21231,"",,,
509,for the love of benji(subtitulado) (1977)-sub-blanco,https://t.me/c/2595202697/21250,"",,,
510,for the love of benji(subtitulado) (1977)-sub-amarillo,https://t.me/c/2595202697/21251,"",,,
511,herbie en el grand prix de montecarlo (1977),https://t.me/c/2595202697/21255,"",,,
512,cantinflas el ministro y yo(1977),https://t.me/c/2595202697/21259,"",,,
513,el poder de la fuerza(chuck norris) (1977),https://t.me/c/2595202697/21263,"",,,
514,un puente demasiado lejos (1977),https://t.me/c/2595202697/21267,"",,,
515,sorcerer (1977),https://t.me/c/2595202697/21271,"",,,
516,dejenlos jugar (1977),https://t.me/c/2595202697/21275,"",,,
517,muchacho (1970),https://t.me/c/2595202697/21280,"",,,
518,the beatles let it be(subtitulado) (1970),https://t.me/c/2595202697/21284,"",,,
520,santo contra los jinetes del terror (1970),https://t.me/c/2595202697/21292,"",,,
521,el misterio de las doce sillas (1970),https://t.me/c/2595202697/21296,"",,,
522,el poder de la sangre de dracula(1970),https://t.me/c/2595202697/21300,"",,,
523,las cicatrices de dracula(1970),https://t.me/c/2595202697/21304,"",,,
524,dos mulas para la hermana sara (1970),https://t.me/c/2595202697/21308,"",,,
525,tizoc (1957),https://t.me/c/2595202697/21313,"",,,
526,cantinflas el bolero de raquel(1957),https://t.me/c/2595202697/21317,"",,,
527,amor a reaccion (1957),https://t.me/c/2595202697/21321,"",,,
528,sayonara (1957),https://t.me/c/2595202697/21325,"",,,
529,los diez mandamientos(1956),https://t.me/c/2595202697/21330,"",,,
530,viva las vegas (meet me in las vegas)(1956),https://t.me/c/2595202697/21334,"",,,
531,el inocente {pedro infante} (1956),https://t.me/c/2595202697/21338,"",,,
532,mas corazon que odio (1956),https://t.me/c/2595202697/21342,"",,,
533,alta sociedad (1956),https://t.me/c/2595202697/21346,"",,,
534,una mente brillante (2001),https://t.me/c/2595202697/21351,"",,,
535,negocios sucios (the 51st state)(2001)(subtitulado),https://t.me/c/2595202697/21355,"",,,
537,"3000 millas al infierno(2001)",https://t.me/c/2595202697/21363,"",,,
539,pecado original (2001),https://t.me/c/2595202697/21371,"",,,
542,a.i. inteligencia artificial (2001),https://t.me/c/2595202697/21383,"",,,
543,la caida del halcon negro (2001),https://t.me/c/2595202697/21387,"",,,
544,zoolander (2001),https://t.me/c/2595202697/21391,"",,,
545,el planeta de los simios (2001),https://t.me/c/2595202697/21395,"",,,
486,iron man 3 (2013),https://t.me/c/2595202697/21163,"",iron,,
538,tras lineas enemigas (2001),https://t.me/c/2595202697/21367,"",lineas,,
496,carrie un extraño presentimiento (1976),https://t.me/c/2595202697/21206,"",carrie,,
495,la profecia (1976),https://t.me/c/2595202697/21202,"",profecia,,
489,rapidos y furiosos 6 (2013),https://t.me/c/2595202697/21175,"",furioso,,
540,rapido y furioso (2001),https://t.me/c/2595202697/21375,"",furioso,,
541,thomas (2001),https://t.me/c/2595202697/21379,"",biblia,,
503,jesus de nazareth parte 1 (1977),https://t.me/c/2595202697/21235,"",nazareth,,
491,la noche del demonio capitulo 2 (2013),https://t.me/c/2595202697/21183,"",demonio1,,
492,el hombre de acero (2013),https://t.me/c/2595202697/21187,"",aceroh,,
519,regreso al planeta de los simios (1970),https://t.me/c/2595202697/21288,"",planetaori,,
507,el exorcista ii el hereje (1977),https://t.me/c/2595202697/21242,"",elexorcista,,
508,"007 la espia que me amo(1977)",https://t.me/c/2595202697/21246,"","007",,
546,evolucion (2001),https://t.me/c/2595202697/21399,"",,,
547,cocodrilo dundee en hollywood (2001),https://t.me/c/2595202697/21403,"",,,
548,el diario de la princesa (2001),https://t.me/c/2595202697/21407,"",,,
549,telaraña (2001),https://t.me/c/2595202697/21411,"",,,
550,shrek (2001),https://t.me/c/2595202697/21415,"",,,
551,blow inhala (2001),https://t.me/c/2595202697/21419,"",,,
552,parque jurasico iii(2001),https://t.me/c/2595202697/21423,"",,,
553,suicide club (2001),https://t.me/c/2595202697/21427,"",,,
554,american pie 2 tu segunda vez es mejor(2001),https://t.me/c/2595202697/21431,"",,,
555,one piece  aventura en la isla espiral (2001),https://t.me/c/2595202697/21435,"",,,
556,el demonio(2001),https://t.me/c/2595202697/21439,"",,,
557,el mundo esta loco loco (2001),https://t.me/c/2595202697/21443,"",,,
558,juego de espias (2001),https://t.me/c/2595202697/21447,"",,,
559,expreso de medianoche (1978),https://t.me/c/2595202697/21452,"",,,
561,el griego de oro (1978),https://t.me/c/2595202697/21460,"",,,
567,mi mujer no es mi señora(1978),https://t.me/c/2595202697/21484,"",,,
568,cantinflas el patrullero 777(1978),https://t.me/c/2595202697/21488,"",,,
569,halloween (1978),https://t.me/c/2595202697/21492,"",,,
570,escupire sobre tu tumba (1978),https://t.me/c/2595202697/21496,"",,,
572,la serpiente a la sombra del aguila(jackie chan) (1978),https://t.me/c/2595202697/21504,"",,,
573,s.o.s. submarino nuclear(1978),https://t.me/c/2595202697/21508,"",,,
574,la pandilla de picarones va al japon (1978)calidad media,https://t.me/c/2595202697/21512,"",,,
575,las 36 camaras del shaolin(1978),https://t.me/c/2595202697/21516,"",,,
576,se solicitan modelos (1954),https://t.me/c/2595202697/21521,"",,,
577,cantinflas caballero a la medida (1954),https://t.me/c/2595202697/21525,"",,,
578,el mil amores {pedro infante}  (1954),https://t.me/c/2595202697/21529,"",,,
579,el hermoso brummell (1954),https://t.me/c/2595202697/21533,"",,,
580,godzilla(1954),https://t.me/c/2595202697/21537,"",,,
581,"marcelino, pan y vino (1955)",https://t.me/c/2595202697/21542,"",,,
582,escuela de musica {pedro infante}  (1955),https://t.me/c/2595202697/21546,"",,,
583,la vida no vale nada {pedro infante}  (1955),https://t.me/c/2595202697/21550,"",,,
584,amame o dejame (1955),https://t.me/c/2595202697/21554,"",,,
585,artistas y modelos (1955),https://t.me/c/2595202697/21558,"",,,
586,rebelde sin causa (1955),https://t.me/c/2595202697/21562,"",,,
587,godzilla 2(1955),https://t.me/c/2595202697/21566,"",,,
588,piso de lona(elvis presley) (1962),https://t.me/c/2595202697/21570,"",,,
589,persigue tus sueños(subtitulado)(elvis presley) (1962),https://t.me/c/2595202697/21574,"",,,
591,santo contra el rey del crimen (1962),https://t.me/c/2595202697/21582,"",,,
592,en pos de un sueño (castellano)(elvis presley)(1962),https://t.me/c/2595202697/21586,"",,,
593,piso de lona (kid galahad)(castellano)(elvis presley)(1962),https://t.me/c/2595202697/21590,"",,,
594,cantinflas el extra (1962),https://t.me/c/2595202697/21594,"",,,
595,el carnaval de las almas(1962),https://t.me/c/2595202697/21598,"",,,
596,los valientes andan solos (1962),https://t.me/c/2595202697/21602,"",,,
597,dias de vino y rosas (1962),https://t.me/c/2595202697/21606,"",,,
598,el dulce pajaro de la juventud (1962),https://t.me/c/2595202697/21610,"",,,
599,king kong contra godzilla(1962),https://t.me/c/2595202697/21614,"",,,
601,la noche de un dia dificil (1964),https://t.me/c/2595202697/21624,"",,,
602,dr. insolito o: como aprendi a dejar de preocuparme y amar la bomba (1964),https://t.me/c/2595202697/21628,"",,,
603,cantinflas el padrecito(1964),https://t.me/c/2595202697/21632,"",,,
604,"calmate, dulce carlota (1964)",https://t.me/c/2595202697/21636,"",,,
605,godzilla contra mothra(1964),https://t.me/c/2595202697/21640,"",,,
606,"ghidra, el monstruo de tres cabezas(1964)",https://t.me/c/2595202697/21644,"",,,
609,help! (¡socorro!) (1965),https://t.me/c/2595202697/21657,"",,,
610,harum scarum (a lo loco)(castellano)(elvis presley)(1965),https://t.me/c/2595202697/21661,"",,,
611,hazme cosquillas (tickle me)(castellano)(elvis presley)(1965),https://t.me/c/2595202697/21665,"",,,
612,cantinflas el señor doctor (1965),https://t.me/c/2595202697/21669,"",,,
613,la maldicion de la calavera(1965),https://t.me/c/2595202697/21673,"",,,
614,la batalla de las ardenas(1965),https://t.me/c/2595202697/21677,"",,,
615,la invasion de los astromonstruos(1965),https://t.me/c/2595202697/21681,"",,,
616,la biblia... en su principio (1966),https://t.me/c/2595202697/21686,"",,,
618,batman (1966),https://t.me/c/2595202697/21694,"",,,
619,un millon de años a. c. (1966),https://t.me/c/2595202697/21698,"",,,
620,"dracula, principe de las tinieblas(1966)",https://t.me/c/2595202697/21702,"",,,
621,persona (1966),https://t.me/c/2595202697/21706,"",,,
622,godzilla contra el terror de los mares(1966),https://t.me/c/2595202697/21710,"",,,
623,la huida(1972),https://t.me/c/2595202697/21719,"",,,
626,las momias de guanajuato (1972),https://t.me/c/2595202697/21731,"",,,
562,tiburon 2 (1978),https://t.me/c/2595202697/21464,"",tiburon,,
560,damian la profecia 2 (1978),https://t.me/c/2595202697/21456,"",profecia,,
564,el maestro borracho (1978),https://t.me/c/2595202697/21472,"",borracho,,
565,regreso a la montaña embrujada (1978)(castellano),https://t.me/c/2595202697/21476,"",montaña,,
617,el regreso de los siete magníficos (1966),https://t.me/c/2595202697/21690,"",siete,,
624,el desafio de los siete magníficos (1972),https://t.me/c/2595202697/21723,"",siete,,
590,"007: el satanico dr. no (1962)",https://t.me/c/2595202697/21578,"","007",,
566,superman (1978),https://t.me/c/2595202697/21480,,superman1,,
600,"007 desde rusia con amor(1964)",https://t.me/c/2595202697/21620,"","007",,
607,"007 contra goldfinger(1965)",https://t.me/c/2595202697/21649,"","007",,
608,"007 operacion trueno(1965)",https://t.me/c/2595202697/21653,"","007",,
627,santo contra la hija de frankenstein (1972),https://t.me/c/2595202697/21735,"",,,
628,"aguirre, la ira de dios (castellano)(1972)",https://t.me/c/2595202697/21739,"",,,
629,the lorax (1972),https://t.me/c/2595202697/21743,"",,,
630,dracula 73(1972),https://t.me/c/2595202697/21747,"",,,
631,el ultimo tango en paris (1972),https://t.me/c/2595202697/21751,"",,,
632,godzilla vs. gigan(1972),https://t.me/c/2595202697/21755,"",,,
636,la telaraña de charlotte (1973),https://t.me/c/2595202697/21772,"",,,
637,santo contra el doctor muerte (1973),https://t.me/c/2595202697/21776,"",,,
638,el hombre de mimbre (1973),https://t.me/c/2595202697/21780,"",,,
639,bruce lee the man and the legend(documental)(subtitulado) (1973),https://t.me/c/2595202697/21784,"",,,
640,la boveda del terror (1973),https://t.me/c/2595202697/21788,"",,,
641,los hombres no lloran (1973),https://t.me/c/2595202697/21792,"",,,
642,locura de verano (1973),https://t.me/c/2595202697/21796,"",,,
643,los ritos satanicos de dracula(subtitulado)(1973),https://t.me/c/2595202697/21800,"",,,
644,calles peligrosas (1973),https://t.me/c/2595202697/21804,"",,,
645,heidi(1973),https://t.me/c/2595202697/21808,"",,,
646,la venganza del muerto (1973),https://t.me/c/2595202697/21812,"",,,
647,godzilla vs. megalon(1973),https://t.me/c/2595202697/21816,"",,,
650,mi novia el travesti (1975),https://t.me/c/2595202697/21829,"",,,
651,como plaga de langosta(the day of the locust) (1975),https://t.me/c/2595202697/21833,"",,,
652,los gladiadores del futuro(rollerball) (1975),https://t.me/c/2595202697/21837,"",,,
653,los tres dias del condor (1975)castellano,https://t.me/c/2595202697/21841,"",,,
654,el terror de mechagodzilla (1975),https://t.me/c/2595202697/21845,"",,,
655,the truman show historia de una vida (1998),https://t.me/c/2595202697/21850,"",,,
662,the newton boys (1998),https://t.me/c/2595202697/21878,"",,,
663,esfera (1998),https://t.me/c/2595202697/21882,"",,,
664,impacto profundo (1998),https://t.me/c/2595202697/21886,"",,,
665,armageddon (1998),https://t.me/c/2595202697/21890,"",,,
666,mi gran amigo joe (1998),https://t.me/c/2595202697/21894,"",,,
667,hormigaz (1998),https://t.me/c/2595202697/21898,"",,,
668,babe 2 el puerquito en la ciudad (1998),https://t.me/c/2595202697/21902,"",,,
669,lo mejor de lo mejor 4 (1998),https://t.me/c/2595202697/21906,"",,,
670,mi amigo mac (1988),https://t.me/c/2595202697/21910,"",,,
671,a los que aman(castellano) (1998),https://t.me/c/2595202697/21914,"",,,
672,pacto con la muerte (1998)(desperate measures) (1998),https://t.me/c/2595202697/21918,"",,,
673,halloween h2o  veinte años despues (1998),https://t.me/c/2595202697/21922,"",,,
674,la herencia del tio pepe (1998)calidad baja,https://t.me/c/2595202697/21926,"",,,
675,"johnny y june pasion y locura (2005)(theatrical cut, latino)",https://t.me/c/2595202697/21931,"",,,
676,johnny y june pasion y locura (2005)(extended cut)(subtitulada),https://t.me/c/2595202697/21932,"",,,
677,elvis (2005)(subtitulado),https://t.me/c/2595202697/21936,"",,,
679,mente siniestra (2005),https://t.me/c/2595202697/21944,"",,,
680,plan de vuelo desaparecida (2005),https://t.me/c/2595202697/21948,"",,,
682,stealth la amenaza invisible (2005),https://t.me/c/2595202697/21956,"",,,
683,el exorcismo de emily rose (2005),https://t.me/c/2595202697/21960,"",,,
684,wallace y gromit la batalla de los vegetales (2005),https://t.me/c/2595202697/21964,"",,,
685,aeon flux (2005),https://t.me/c/2595202697/21968,"",,,
687,la guerra de los mundos (2005),https://t.me/c/2595202697/21976,"",,,
688,juego de honor (2005),https://t.me/c/2595202697/21980,"",,,
690,danny la bestia (unleashed) (2005),https://t.me/c/2595202697/21988,"",,,
691,batman inicia (2005),https://t.me/c/2595202697/21992,"",,,
692,batman contra dracula (2005),https://t.me/c/2595202697/21996,"",,,
693,pusher iii(subtitulado) (2005),https://t.me/c/2595202697/22000,"",,,
694,diario de una chiflada (subtitulado)(2005) (sub-blanco),https://t.me/c/2595202697/22004,"",,,
695,diario de una chiflada (subtitulado)(2005) (sub-amarillo),https://t.me/c/2595202697/22005,"",,,
696,bloodrayne venganza de sangre (2005),https://t.me/c/2595202697/22009,"",,,
697,las aventuras de sharkboy y lavagirl (2005),https://t.me/c/2595202697/22013,"",,,
698,herbie a toda marcha (2005),https://t.me/c/2595202697/22017,"",,,
699,el señor de la guerra (2005),https://t.me/c/2595202697/22021,"",,,
700,sin city la ciudad del pecado -unrated recut extended -(2005),https://t.me/c/2595202697/22025,"",,,
701,segundo asalto(castellano) (2005),https://t.me/c/2595202697/22029,"",,,
702,el mito (2005),https://t.me/c/2595202697/22033,"",,,
703,hellraiser vii  deader (2005),https://t.me/c/2595202697/22037,"",,,
704,hellraiser viii  hellworld (2005),https://t.me/c/2595202697/22041,"",,,
705,constantine (2005),https://t.me/c/2595202697/22045,"",,,
706,american pie presenta campamento de bandas(2005),https://t.me/c/2595202697/22049,"",,,
707,tarzan 2 el origen de la leyenda (2005),https://t.me/c/2595202697/22053,"",,,
657,el rey leon ii el reino de simba (1998),https://t.me/c/2595202697/21858,"",rey,,
658,criaturas salvajes (1998),https://t.me/c/2595202697/21862,"",criaturas,,
648,tiburon (1975),https://t.me/c/2595202697/21821,"",tiburon,,
659,la princesa encantada iii el misterio del reino encantado (1998),https://t.me/c/2595202697/21866,"",princesa,,
660,la biblia jeremias (1998),https://t.me/c/2595202697/21870,"",biblia,,
661,blade (1998),https://t.me/c/2595202697/21874,"",blade,,
649,la montaña embrujada (1975)(subtitulado),https://t.me/c/2595202697/21825,"",montaña,,
686,el aro 2 (2005),https://t.me/c/2595202697/21972,"",elaro,,
633,la batalla por el planeta de los simios (1973),https://t.me/c/2595202697/21760,"",planetaori,,
634,el exorcista (1973),https://t.me/c/2595202697/21764,"",elexorcista,,
689,el exorcista el comienzo. la version prohibida (2005),https://t.me/c/2595202697/21984,"",elexorcista,,
635,"007 vive y deja morir(1973)",https://t.me/c/2595202697/21768,"","007",,
708,el amo del viento (2005),https://t.me/c/2595202697/22057,"",,,
709,la jaula de las locas 2 (1980),https://t.me/c/2595202697/22062,"",,,
711,y donde esta el piloto (1980),https://t.me/c/2595202697/22070,"",,,
712,los 7 magnificos del espacio (1980),https://t.me/c/2595202697/22074,"",,,
713,la gran pelea(jackie chan) (1980),https://t.me/c/2595202697/22078,"",,,
714,la puerta del cielo (director's cut)(1980),https://t.me/c/2595202697/22082,"",,,
715,cupido motorizado rumbo a rio (1980),https://t.me/c/2595202697/22086,"",,,
716,los dioses deben estar locos(1980),https://t.me/c/2595202697/22090,"",,,
717,return to the 36th chamber (1980)subtitulada,https://t.me/c/2595202697/22094,"",,,
718,el resplandor (1980),https://t.me/c/2595202697/22098,"",,,
720,john carter entre dos mundos (2012),https://t.me/c/2595202697/22107,"",,,
721,con el diablo adentro (2012),https://t.me/c/2595202697/22111,"",,,
724,marco macaco y los primates del caribe (2012),https://t.me/c/2595202697/22123,"",,,
726,el gringo (2012),https://t.me/c/2595202697/22131,"",,,
727,vacaciones explosivas (2012),https://t.me/c/2595202697/22135,"",,,
729,batman el caballero de la noche asciende (2012),https://t.me/c/2595202697/22143,"",,,
730,hombres de negro 3 (2012),https://t.me/c/2595202697/22147,"",,,
731,los juegos del hambre (2012),https://t.me/c/2595202697/22151,"",,,
732,proteccion de testigos de madea (subtitulado)(sub-blanco)(2012),https://t.me/c/2595202697/22155,"",,,
733,proteccion de testigos de madea (subtitulado)(sub-amarillo)(2012),https://t.me/c/2595202697/22156,"",,,
734,el coleccionista 2 (2012),https://t.me/c/2595202697/22160,"",,,
735,espejito espejito (2012),https://t.me/c/2595202697/22164,"",,,
736,inframundo 4 el despertar (2012),https://t.me/c/2595202697/22168,"",,,
737,starship troopers invasion (2012),https://t.me/c/2595202697/22172,"",,,
738,¡esto es guerra! (2012),https://t.me/c/2595202697/22176,"",,,
739,mac and devin go to high school (2012),https://t.me/c/2595202697/22180,"",,,
740,actividad paranormal 4 (2012),https://t.me/c/2595202697/22184,"",,,
741,american pie el reencuentro(2012),https://t.me/c/2595202697/22188,"",,,
742,one piece z (2012),https://t.me/c/2595202697/22192,"",,,
743,"12 horas (2012)",https://t.me/c/2595202697/22196,"",,,
744,tengo ganas de ti (2012),https://t.me/c/2595202697/22200,"",,,
747,"2012 (2009)",https://t.me/c/2595202697/22212,"",,,
748,los vengadores(2012),https://t.me/c/2595202697/22216,"",,,
749,terror en silent hill 2 la revelacion (2012),https://t.me/c/2595202697/22220,"",,,
750,cantinflas el señor fotografo (1953),https://t.me/c/2595202697/22225,"",,,
751,dos tipos de cuidado {pedro infante} (1953),https://t.me/c/2595202697/22229,"",,,
752,gitana tenias que ser {pedro infante}  (1953),https://t.me/c/2595202697/22233,"",,,
753,pepe el toro {pedro infante}  (1953),https://t.me/c/2595202697/22237,"",,,
754,los sobornados (1953),https://t.me/c/2595202697/22241,"",,,
755,island in the sky (1953),https://t.me/c/2595202697/22245,"",,,
756,"king creole, el barrio contra mi(castellano) (1958)(elvis presley)",https://t.me/c/2595202697/22250,"",,,
757,escuela de rateros {pedro infante}  (1958),https://t.me/c/2595202697/22254,"",,,
758,dracula(1958),https://t.me/c/2595202697/22258,"",,,
759,sed de mal (1958),https://t.me/c/2595202697/22262,"",,,
760,sortilegio de amor (1958),https://t.me/c/2595202697/22266,"",,,
761,noche larga y febril (1958),https://t.me/c/2595202697/22270,"",,,
762,"run silent, run deep (1958)",https://t.me/c/2595202697/22274,"",,,
763,pista de carreras (elvis presley)(calidad media)(1968),https://t.me/c/2595202697/22279,"",,,
764,pista de carreras (1968)(elvis presley)(subtitulado),https://t.me/c/2595202697/22280,"",,,
767,cupido motorizado (1968),https://t.me/c/2595202697/22292,"",,,
768,coogan's bluff (1968),https://t.me/c/2595202697/22296,"",,,
769,donde las aguilas se atreven (1968),https://t.me/c/2595202697/22300,"",,,
770,el tesoro de moctezuma (1968),https://t.me/c/2595202697/22304,"",,,
771,atacan las brujas (1968),https://t.me/c/2595202697/22308,"",,,
772,cantinflas por mis pistolas(1968),https://t.me/c/2595202697/22312,"",,,
773,"2001 odisea del espacio (1968)",https://t.me/c/2595202697/22316,"",,,
774,los cuatro truhanes (1968)castellano,https://t.me/c/2595202697/22320,"",,,
775,dracula vuelve de la tumba(1968),https://t.me/c/2595202697/22324,"",,,
776,oliver! (1968),https://t.me/c/2595202697/22328,"",,,
777,la guerra de los monstruos (1968),https://t.me/c/2595202697/22332,"",,,
778,la chica de rosa (1986),https://t.me/c/2595202697/22336,"",,,
779,la hija de dracula (1936),https://t.me/c/2595202697/22341,"",,,
780,sabotage (1936),https://t.me/c/2595202697/22345,"",,,
781,my man godfrey (al servicio de las damas)(1936),https://t.me/c/2595202697/22349,"",,,
783,benji (1974),https://t.me/c/2595202697/22362,"",,,
784,la pandilla de cupido motorizado (1974),https://t.me/c/2595202697/22366,"",,,
785,santo y blue demon contra el doctor frankenstein (1974),https://t.me/c/2595202697/22370,"",,,
786,la venganza de la llorona (1974),https://t.me/c/2595202697/22374,"",,,
787,la masacre de texas (1974),https://t.me/c/2595202697/22378,"",,,
788,cantinflas conserje para todo (1974),https://t.me/c/2595202697/22382,"",,,
765,asterix y cleopatra (1968),https://t.me/c/2595202697/22284,"",asterix,,
746,asterix y obelix al servicio de su majestad (2012),https://t.me/c/2595202697/22208,"",obelix,,
719,la princesa encantada navidad (2012),https://t.me/c/2595202697/22103,"",princesa,,
723,resident evil infierno (2012),https://t.me/c/2595202697/22119,"",resident,,
725,[rec] 3 el comienzo (2012),https://t.me/c/2595202697/22127,"",rec,,
710,superman ii (1980),https://t.me/c/2595202697/22066,"",superman1,,
766,el planeta de los simios (1968),https://t.me/c/2595202697/22288,"",planetaori,,
782,"007 el hombre de la pistola de oro(1974)",https://t.me/c/2595202697/22358,"","007",,
789,kung fu contra los 7 vampiros de oro(1974),https://t.me/c/2595202697/22386,"",,,
790,godzilla vs. mechagodzilla(1974),https://t.me/c/2595202697/22390,"",,,
791,billy two hats(billy dos sombreros) (1974),https://t.me/c/2595202697/22394,"",,,
794,la noche deseada(hurry sundown)(1967),https://t.me/c/2595202697/22407,"",,,
795,tu perdonas... yo no (1967),https://t.me/c/2595202697/22411,"",,,
796,lucha de gigantes (1967),https://t.me/c/2595202697/22415,"",,,
797,operacion 67 (1967),https://t.me/c/2595202697/22419,"",,,
798,el asesino se embarca (1967),https://t.me/c/2595202697/22423,"",,,
799,cantinflas su excelencia(1967),https://t.me/c/2595202697/22427,"",,,
800,el hijo de godzilla(1967),https://t.me/c/2595202697/22431,"",,,
801,theatre of death(el teatro de la muerte) (1967),https://t.me/c/2595202697/22435,"",,,
804,el ultimo valle (castellano)(1971),https://t.me/c/2595202697/22448,"",,,
805,la ultima esperanza (1971),https://t.me/c/2595202697/22452,"",,,
806,baile con el diablo (1971),https://t.me/c/2595202697/22456,"",,,
807,santo en la venganza de la momia (1971),https://t.me/c/2595202697/22460,"",,,
808,cantinflas el profe(1971),https://t.me/c/2595202697/22464,"",,,
809,harold y maude(1971),https://t.me/c/2595202697/22468,"",,,
810,el engaño (1971),https://t.me/c/2595202697/22472,"",,,
811,godzilla vs. hedorah(1971),https://t.me/c/2595202697/22476,"",,,
812,support your local gunfighter (latigo)(1971),https://t.me/c/2595202697/22480,"",,,
813,cambio de habito(subtitulada)(elvis presley) (1969),https://t.me/c/2595202697/22485,"",,,
816,el vampiro y el sexo (1969),https://t.me/c/2595202697/22497,"",,,
817,temple de acero (1969),https://t.me/c/2595202697/22501,"",,,
818,un trabajo en italia(1969),https://t.me/c/2595202697/22505,"",,,
819,la colina de las botas (1969)castellano,https://t.me/c/2595202697/22509,"",,,
820,la venganza de godzilla(subtitulado)(1969),https://t.me/c/2595202697/22513,"",,,
821,los invencibles (1969),https://t.me/c/2595202697/22517,"",,,
822,¡ayude a su comisario! (1969),https://t.me/c/2595202697/22521,"",,,
825,silverado (1985),https://t.me/c/2595202697/22534,"",,,
827,el rey david (1985),https://t.me/c/2595202697/22542,"",,,
828,la jaula de las locas 3 (1985),https://t.me/c/2595202697/22546,"",,,
831,mirame la palomita (1985),https://t.me/c/2595202697/22558,"",,,
832,gran disparate yankee en europa (1985),https://t.me/c/2595202697/22562,"",,,
833,el protector (1985),https://t.me/c/2595202697/22566,"",,,
834,el hechizo del halcon (1985),https://t.me/c/2595202697/22570,"",,,
835,loca academia de policia 2 su primera mision(1985),https://t.me/c/2595202697/22574,"",,,
836,discipulos de la camara 36 (1985)subtitulada,https://t.me/c/2595202697/22578,"",,,
837,"remo, desarmado y peligroso (1985)",https://t.me/c/2595202697/22582,"",,,
838,the falcon and the snowman(el juego del halcon) (1985),https://t.me/c/2595202697/22586,"",,,
839,velocidad sin limites (red line)(2007),https://t.me/c/2595202697/22591,"",,,
840,la esperanza vive en mi (2007),https://t.me/c/2595202697/22595,"",,,
841,la familia del futuro (2007),https://t.me/c/2595202697/22599,"",,,
844,ganster americano(2007),https://t.me/c/2595202697/22611,"",,,
845,petroleo sangriento (2007),https://t.me/c/2595202697/22615,"",,,
847,"beowulf, la leyenda (2007)",https://t.me/c/2595202697/22623,"",,,
848,numero 23 (2007),https://t.me/c/2595202697/22627,"",,,
849,un plan brillante (2007),https://t.me/c/2595202697/22631,"",,,
850,"3.10 mision peligrosa (2007)",https://t.me/c/2595202697/22635,"",,,
851,sobre-natural (2007),https://t.me/c/2595202697/22639,"",,,
852,shrek tercero (2007),https://t.me/c/2595202697/22643,"",,,
853,shrek ogrorisa la navidad (2007),https://t.me/c/2595202697/22647,"",,,
854,dueños de la noche (2007),https://t.me/c/2595202697/22651,"",,,
855,ratatouille (2007),https://t.me/c/2595202697/22655,"",,,
856,bloodrayne 2: deliverance (2007),https://t.me/c/2595202697/22659,"",,,
857,"1408 (2007)",https://t.me/c/2595202697/22663,"",,,
858,sweeney todd el barbero demoniaco (2007),https://t.me/c/2595202697/22667,"",,,
859,sweeney todd el barbero demoniaco (2007) -sin cancion,https://t.me/c/2595202697/22668,"",,,
860,exterminio 2 (2007),https://t.me/c/2595202697/22672,"",,,
861,antes que el diablo sepa que has muerto (2007),https://t.me/c/2595202697/22676,"",,,
862,el reino (2007),https://t.me/c/2595202697/22680,"",,,
863,caotica ana(castellano) (2007),https://t.me/c/2595202697/22684,"",,,
864,halloween  el inicio{version extendida} (2007),https://t.me/c/2595202697/22688,"",,,
865,zodiaco (2007),https://t.me/c/2595202697/22692,"",,,
866,actividad paranormal (2007),https://t.me/c/2595202697/22696,"",,,
867,american pie presenta la casa beta(2007),https://t.me/c/2595202697/22700,"",,,
868,alvin y las ardillas (2007),https://t.me/c/2595202697/22704,"",,,
869,"300 (2007)",https://t.me/c/2595202697/22708,"",,,
870,"5 centimetros por segundo (2007)",https://t.me/c/2595202697/22712,"",,,
871,a prueba de hombres(2007),https://t.me/c/2595202697/22716,"",,,
792,asterix el galo (1967),https://t.me/c/2595202697/22399,"",asterix,,
843,aliens vs. predator 2 (2007),https://t.me/c/2595202697/22607,"",alienv,,
824,cocoon (1985),https://t.me/c/2595202697/22530,"",cocoon,,
814,la furia de los siete magníficos (1969),https://t.me/c/2595202697/22489,"",siete,,
846,[rec] (2007),https://t.me/c/2595202697/22619,"",rec,,
826,mad max 3 mas alla de la cupula del trueno (1985),https://t.me/c/2595202697/22538,"",max,,
829,volver al futuro (1985),https://t.me/c/2595202697/22550,"",volverf,,
802,huida del planeta de los simios (1971),https://t.me/c/2595202697/22440,"",planetaori,,
803,"007 los diamantes son eternos(1971)",https://t.me/c/2595202697/22444,"","007",,
793,"007 solo se vive dos veces(1967)",https://t.me/c/2595202697/22403,"","007",,
872,"expiacion, deseo y pecado (2007)",https://t.me/c/2595202697/22720,"",,,
873,super cool (2007),https://t.me/c/2595202697/22724,"",,,
874,transformers (2007),https://t.me/c/2595202697/22728,"",,,
875,the flock (el caso weells)subtitulado (2007),https://t.me/c/2595202697/22732,"",,,
876,august rush: el triunfo de un sueño (2007),https://t.me/c/2595202697/22736,"",,,
877,el diario de los muertos (2007),https://t.me/c/2595202697/22740,"",,,
878,encontre al diablo (2010),https://t.me/c/2595202697/22761,"",,,
879,desde paris con amor (2010),https://t.me/c/2595202697/22765,"",,,
882,tron el legado (2010),https://t.me/c/2595202697/22777,"",,,
883,mision rockstar (2010)(calidad media),https://t.me/c/2595202697/22781,"",,,
885,el libro de los secretos (2010),https://t.me/c/2595202697/22789,"",,,
886,un golpe del destino (2010),https://t.me/c/2595202697/22793,"",,,
887,jonah hex (2010),https://t.me/c/2595202697/22797,"",,,
888,predators (2010),https://t.me/c/2595202697/22801,"",,,
889,el inmortal (2010),https://t.me/c/2595202697/22805,"",,,
890,el origen (2010),https://t.me/c/2595202697/22809,"",,,
891,the company men(hombres de negocios) (2010),https://t.me/c/2595202697/22813,"",,,
892,venganza letal (2010),https://t.me/c/2595202697/22817,"",,,
893,karate kid (2010),https://t.me/c/2595202697/22821,"",,,
894,shrek 4 para siempre (2010),https://t.me/c/2595202697/22825,"",,,
895,outcast (2010)(subtitulado),https://t.me/c/2595202697/22829,"",,,
896,camp rock 2 el concierto final (2010),https://t.me/c/2595202697/22833,"",,,
897,mi villano favorito (2010),https://t.me/c/2595202697/22837,"",,,
898,legion de angeles (2010),https://t.me/c/2595202697/22841,"",,,
899,el ultimo exorcismo (2010),https://t.me/c/2595202697/22845,"",,,
900,bloodrayne 3 la sangre del reich (2010)(castellano),https://t.me/c/2595202697/22849,"",,,
901,los pequeños focker (2010),https://t.me/c/2595202697/22853,"",,,
902,abandonada (2010),https://t.me/c/2595202697/22856,"",,,
903,temple de acero (2010),https://t.me/c/2595202697/22860,"",,,
904,un gato en paris (castellano)(2010),https://t.me/c/2595202697/22864,"",,,
905,red (2010),https://t.me/c/2595202697/22868,"",,,
906,actividad paranormal 2 (2010),https://t.me/c/2595202697/22872,"",,,
907,tres metros sobre el cielo (2010),https://t.me/c/2595202697/22876,"",,,
908,"4,3,2,1 (2010)",https://t.me/c/2595202697/22880,"",,,
909,liberen a willy 4 (2010),https://t.me/c/2595202697/22884,"",,,
910,dulce venganza (2010),https://t.me/c/2595202697/22888,"",,,
911,la reencarnacion de los muertos (2010),https://t.me/c/2595202697/22892,"",,,
912,dracula (1979),https://t.me/c/2595202697/22899,"",,,
913,la vida publica de jesus (1979),https://t.me/c/2595202697/22903,"",,,
917,los guerreros (1979),https://t.me/c/2595202697/22919,"",,,
918,el rey de los exhortos (1979),https://t.me/c/2595202697/22923,"",,,
919,misterio en las bermudas (1979),https://t.me/c/2595202697/22927,"",,,
920,quadrophenia (1979),https://t.me/c/2595202697/22931,"",,,
921,stalker (subtitulada)(1979),https://t.me/c/2595202697/22935,"",,,
922,being there (1979),https://t.me/c/2595202697/22939,"",,,
923,zombie: noche de panico (1979)castellano,https://t.me/c/2595202697/22943,"",,,
924,operacion valquiria (2008),https://t.me/c/2595202697/22948,"",,,
926,el increible hulk (2008),https://t.me/c/2595202697/22956,"",,,
927,tripulacion dave (2008),https://t.me/c/2595202697/22960,"",,,
929,ura horror(2008)(subtitulado),https://t.me/c/2595202697/22968,"",,,
930,quiero robarme a la novia (2008),https://t.me/c/2595202697/22972,"",,,
933,peligro en bangkok (2008),https://t.me/c/2595202697/22984,"",,,
935,el curioso caso de benjamin button (2008),https://t.me/c/2595202697/22992,"",,,
936,el intercambio (2008),https://t.me/c/2595202697/22996,"",,,
937,wall e (2008),https://t.me/c/2595202697/23000,"",,,
938,imagenes del mas alla (2008),https://t.me/c/2595202697/23004,"",,,
939,bolt un perro fuera de serie (2008),https://t.me/c/2595202697/23008,"",,,
941,batman el caballero de la noche (2008),https://t.me/c/2595202697/23016,"",,,
942,harold y kumar dos tontos en fuga (2008),https://t.me/c/2595202697/23020,"",,,
943,anaconda 3 la amenaza (2008),https://t.me/c/2595202697/23024,"",,,
944,camp rock campamento del rock (2008),https://t.me/c/2595202697/23028,"",,,
945,control total (2008),https://t.me/c/2595202697/23032,"",,,
946,nuevos vengadores heroes del manana (2008),https://t.me/c/2595202697/23036,"",,,
947,conoce a los brown (subtitulado)(2008)(sub blanco),https://t.me/c/2595202697/23040,"",,,
948,conoce a los brown (2008)(sub amarillo),https://t.me/c/2595202697/23041,"",,,
949,corazon de tinta (2008),https://t.me/c/2595202697/23045,"",,,
950,starship troopers 3 merodeador (2008),https://t.me/c/2595202697/23049,"",,,
951,el lince perdido (castellano)(2008),https://t.me/c/2595202697/23053,"",,,
952,el dia de los muertos vivientes (2008),https://t.me/c/2595202697/23057,"",,,
953,zombie strippers! (2008),https://t.me/c/2595202697/23061,"",,,
881,criaturas salvajes 4 deseos prohibidos (2010),https://t.me/c/2595202697/22773,"",criaturas,,
884,invicto 3 redencion (2010),https://t.me/c/2595202697/22785,"",invicto,,
928,asterix at the olympic games (2008)(subtitulado),https://t.me/c/2595202697/22964,"",obelix,,
954,los caballeros del zodiaco la gran batalla de los dioses (1988),https://t.me/c/2595202697/23066,"",zodiaco,,
914,"alien, el octavo pasajero (1979)",https://t.me/c/2595202697/22907,"",alien,,
931,resident evil degeneracion (2008),https://t.me/c/2595202697/22976,"",resident,,
932,mortadelo y filemon mision salvar la tierra (2008),https://t.me/c/2595202697/22980,"",mortadelo,,
934,indiana jones 4 el reino de la calavera de cristal (2008),https://t.me/c/2595202697/22988,"",indiana,,
915,mad max salvajes de la autopista (1979),https://t.me/c/2595202697/22911,"",max,,
940,"007 quantum of solace(2008)",https://t.me/c/2595202697/23012,"","007",,
957,la septima profecia (1988),https://t.me/c/2595202697/23078,"",,,
958,quisiera ser grande (1988),https://t.me/c/2595202697/23082,"",,,
959,juliana (1988)(calidad baja 😞),https://t.me/c/2595202697/23086,"",,,
962,cocodrilo dundee 2 (1988),https://t.me/c/2595202697/23098,"",,,
963,el profesor punk (1988),https://t.me/c/2595202697/23102,"",,,
964,y donde esta el policia(1988),https://t.me/c/2595202697/23106,"",,,
965,dragones por siempre(jackie chan)(1988),https://t.me/c/2595202697/23110,"",,,
966,loca academia de policia 5 operacion miami beach(1988),https://t.me/c/2595202697/23114,"",,,
967,willow en la tierra del encanto (1988),https://t.me/c/2595202697/23118,"",,,
968,¡sobreviven! (1988),https://t.me/c/2595202697/23122,"",,,
969,iron angels 2(castellano) (1988),https://t.me/c/2595202697/23126,"",,,
970,critters 2  el plato principal (1988),https://t.me/c/2595202697/23130,"",,,
971,hellraiser ii (1988),https://t.me/c/2595202697/23134,"",,,
972,halloween 4  el regreso de michael myers (1988),https://t.me/c/2595202697/23138,"",,,
973,dragon ball una aventura mistica (1988),https://t.me/c/2595202697/23142,"",,,
974,akira (1988),https://t.me/c/2595202697/23146,"",,,
975,arizona heat (1988),https://t.me/c/2595202697/23150,"",,,
976,zombie flesh eaters 2(zombi 3) (1988),https://t.me/c/2595202697/23154,"",,,
977,no hables con extraños(2021),https://t.me/c/2595202697/23159,"",,,
978,south park pos-covid (2021),https://t.me/c/2595202697/23163,"",,,
979,south park pos-covid el retorno del covid (2021),https://t.me/c/2595202697/23164,"",,,
980,el misterio de soho (2021),https://t.me/c/2595202697/23168,"",,,
981,quien tiene el control(2021),https://t.me/c/2595202697/23172,"",,,
983,atentado terrorista (2021),https://t.me/c/2595202697/23180,"",,,
986,franz klammer la leyenda del esqui (2021),https://t.me/c/2595202697/23192,"",,,
987,el capitan volkonogov ha huido (2021),https://t.me/c/2595202697/23196,"",,,
988,el reino magico (2021),https://t.me/c/2595202697/23200,"",,,
991,el conjuro 3 el diablo me obligo a hacerlo (2021),https://t.me/c/2595202697/23212,"",,,
993,el refugio (2021),https://t.me/c/2595202697/23220,"",,,
995,el sacrificio (2021),https://t.me/c/2595202697/23228,"",,,
996,la chica en el sotano (2021),https://t.me/c/2595202697/23232,"",,,
998,heroe en dos mundos (2021),https://t.me/c/2595202697/23240,"",,,
999,es tiempo de amar(2021),https://t.me/c/2595202697/23244,"",,,
1002,multiverso – realidad paralela (2021),https://t.me/c/2595202697/23256,"",,,
1003,la liga de la justicia de zack snyder (2021)(720),https://t.me/c/2595202697/23260,"",,,
1004,la furia de la montaña (峰爆)(2021),https://t.me/c/2595202697/23264,"",,,
1007,la sociedad de la justicia de america segunda guerra mundial (2021),https://t.me/c/2595202697/23276,"",,,
1008,chernobil la pelicula (2021),https://t.me/c/2595202697/23280,"",,,
1009,invasion final (末日救援)(2021),https://t.me/c/2595202697/23284,"",,,
1010,cruella (2021),https://t.me/c/2595202697/23288,"",,,
1011,maniobra radical (2021),https://t.me/c/2595202697/23292,"",,,
1012,garcia y garcia (2021),https://t.me/c/2595202697/23296,"",,,
1013,la dama del cielo (2021),https://t.me/c/2595202697/23300,"",,,
1015,operacion matador (2021),https://t.me/c/2595202697/23308,"",,,
1016,the king's man la primera mision (2021),https://t.me/c/2595202697/23312,"",,,
1017,el protector (2021),https://t.me/c/2595202697/23316,"",,,
1018,atrapa la bala (2021),https://t.me/c/2595202697/23320,"",,,
1019,el poder del perro (2021),https://t.me/c/2595202697/23324,"",,,
1020,la leyenda regresa (2021),https://t.me/c/2595202697/23328,"",,,
1021,the world to come (2021),https://t.me/c/2595202697/23332,"",,,
1022,"jack, el destripador la historia no contada (2021)",https://t.me/c/2595202697/23336,"",,,
1023,nadie especial (2021),https://t.me/c/2595202697/23340,"",,,
1024,nadie (2021),https://t.me/c/2595202697/23344,"",,,
1025,jujutsu kaisen 0 (2021),https://t.me/c/2595202697/23348,"",,,
1026,el lobo y el leon (2021),https://t.me/c/2595202697/23352,"",,,
1027,no respires 2 (2021),https://t.me/c/2595202697/23356,"",,,
1028,the fallout la vida despues (2021),https://t.me/c/2595202697/23360,"",,,
1029,halloween kills  la noche aun no termina (2021),https://t.me/c/2595202697/23364,"",,,
1030,el cataclismo (2021),https://t.me/c/2595202697/23368,"",,,
1031,cyrano (2021),https://t.me/c/2595202697/23372,"",,,
1032,eiffel (2021),https://t.me/c/2595202697/23376,"",,,
1033,la purga por siempre (2021),https://t.me/c/2595202697/23380,"",,,
1034,actividad paranormal vínculos familiares (2021),https://t.me/c/2595202697/23384,"",,,
1035,un jefe en pañales 2  negocios de familia (2021),https://t.me/c/2595202697/23388,"",,,
1036,un rescate de huevitos (2021),https://t.me/c/2595202697/23392,"",,,
984,secretos del pasado (años de sequia)(2021),https://t.me/c/2595202697/23184,"",dry,,
985,plaga zombie american invasion (2021),https://t.me/c/2595202697/23188,"",plaga,,
989,se termino el tiempo (2021),https://t.me/c/2595202697/23204,"",time,,
992,rapidos y furiosos 9 (2021),https://t.me/c/2595202697/23216,"",furioso,,
990,un lugar en silencio parte 2 (2021),https://t.me/c/2595202697/23208,,silencio,,
955,los caballeros del zodiaco contraatacan (1988),https://t.me/c/2595202697/23070,"",zodiaco,,
956,cocoon el regreso (1988),https://t.me/c/2595202697/23074,"",cocoon,,
1000,amigos de las vacaciones (2021),https://t.me/c/2595202697/23248,"",vacaciones,,
1001,the loud house la pelicula (2021),https://t.me/c/2595202697/23252,"",house,,
960,cortocircuito 2 (1988),https://t.me/c/2595202697/23090,"",corto,,
961,un principe en nueva york (1988),https://t.me/c/2595202697/23094,"",unprincipe,,
1005,un principe en nueva york 2 (2021),https://t.me/c/2595202697/23268,"",unprincipe,,
1006,sin tiempo para morir(2021),https://t.me/c/2595202697/23272,"","007",,
1037,mortal kombat leyendas la batalla de los reinos (2021),https://t.me/c/2595202697/23396,"",,,
1038,hurricane: libre como el viento (2021),https://t.me/c/2595202697/23400,"",,,
1039,spirit: el indomable (2021),https://t.me/c/2595202697/23404,"",,,
1040,zoya (2021),https://t.me/c/2595202697/23408,"",,,
1041,la aldea de los suicidios(2021),https://t.me/c/2595202697/23412,"",,,
1042,la novata (2021),https://t.me/c/2595202697/23416,"",,,
1043,una libreria en paris (2021),https://t.me/c/2595202697/23420,"",,,
1044,judas y el mesias negro (2021),https://t.me/c/2595202697/23424,"",,,
1045,el souvenir  parte 2 (2021),https://t.me/c/2595202697/23428,"",,,
1046,souvenir (2021),https://t.me/c/2595202697/23432,"",,,
1047,te quiero como amigo (2021),https://t.me/c/2595202697/23436,"",,,
1048,ron da error (2021),https://t.me/c/2595202697/23440,"",,,
1049,contraataque (strike back) (2021),https://t.me/c/2595202697/23444,"",,,
1050,el ejercito de los muertos (2021),https://t.me/c/2595202697/23448,"",,,
1051,el ejercito de los ladrones (2021),https://t.me/c/2595202697/23452,"",,,
1052,paradise cove (2021),https://t.me/c/2595202697/23456,"",,,
1053,el paseo 6 (2021),https://t.me/c/2595202697/23460,"",,,
1054,el principito (2015),https://t.me/c/2595202697/23476,"",,,
1055,stonewall (2015)(subtitulado),https://t.me/c/2595202697/23480,"",,,
1056,stonewall (2015)(castellano),https://t.me/c/2595202697/23481,"",,,
1058,un gran dinosaurio (2015),https://t.me/c/2595202697/23489,"",,,
1060,el gran pequeño(little boy) (2015),https://t.me/c/2595202697/23497,"",,,
1062,entre la venganza y el perdon(gallows road) (2015),https://t.me/c/2595202697/23505,"",,,
1063,una verdadera amistad(marshall's miracle) (2015),https://t.me/c/2595202697/23509,"",,,
1064,woodlawn (2015),https://t.me/c/2595202697/23513,"",,,
1065,cuarto de guerra (2015),https://t.me/c/2595202697/23517,"",,,
1066,el poder de la cruz (2015),https://t.me/c/2595202697/23521,"",,,
1069,victor frankenstein (2015),https://t.me/c/2595202697/23533,"",,,
1070,el poder de la moda (2015),https://t.me/c/2595202697/23537,"",,,
1072,joy el nombre del exito (2015),https://t.me/c/2595202697/23545,"",,,
1073,la bruja (2015),https://t.me/c/2595202697/23549,"",,,
1074,secretos de una obsesion (2015),https://t.me/c/2595202697/23553,"",,,
1075,el renacido (2015),https://t.me/c/2595202697/23557,"",,,
1076,el secreto de adaline (2015),https://t.me/c/2595202697/23561,"",,,
1079,los 8 mas odiados (2015),https://t.me/c/2595202697/23573,"",,,
1080,los 33 (2015),https://t.me/c/2595202697/23578,"",,,
1081,una historia real (2015),https://t.me/c/2595202697/23582,"",,,
1082,everest (2015),https://t.me/c/2595202697/23586,"",,,
1083,en la cuerda floja (2015),https://t.me/c/2595202697/23590,"",,,
1084,el lado oscuro del deseo (2015),https://t.me/c/2595202697/23594,"",,,
1085,el cadaver de anna fritz (2015)(castellano idioma original),https://t.me/c/2595202697/23598,"",,,
1086,mision imposible - nacion secreta (2015),https://t.me/c/2595202697/23602,"",,,
1087,mision rescate (2015),https://t.me/c/2595202697/23606,"",,,
1089,los descendientes (2015),https://t.me/c/2595202697/23614,"",,,
1090,"musica, amigos y fiesta (2015)",https://t.me/c/2595202697/23618,"",,,
1091,knight of cups (2015)(caballero de copas)(destinos),https://t.me/c/2595202697/23622,"",,,
1092,en el corazon del mar (2015),https://t.me/c/2595202697/23626,"",,,
1093,la cenicienta (2015),https://t.me/c/2595202697/23630,"",,,
1094,"snoopy y charlie brown peanuts, la pelicula (2015)",https://t.me/c/2595202697/23634,"",,,
1095,los juegos del hambre sinsajo - parte 2 (2015),https://t.me/c/2595202697/23638,"",,,
1096,una sonrisa a la vida(truman) (2015),https://t.me/c/2595202697/23642,"",,,
1097,"1-kingsman servicio secreto (2015)",https://t.me/c/2595202697/23646,"",,,
1098,tyler perry's madea's tough love(subtitulado) (2015)(sub-blanco),https://t.me/c/2595202697/23650,"",,,
1099,tyler perry's madea's tough love(subtitulado) (2015)(sub-amarillo),https://t.me/c/2595202697/23651,"",,,
1100,los odiosos ocho (2015),https://t.me/c/2595202697/23655,"",,,
1101,la maldicion 4 - el final (2015)(subtitulada),https://t.me/c/2595202697/23659,"",,,
1102,ya te extraño (2015),https://t.me/c/2595202697/23663,"",,,
1103,hardcore mision extrema (2015),https://t.me/c/2595202697/23667,"",,,
1104,cin kuyusu (2015),https://t.me/c/2595202697/23671,"",,,
1105,pixeles (2015),https://t.me/c/2595202697/23676,"",,,
1106,jurassic world mundo jurasico(2015),https://t.me/c/2595202697/23680,"",,,
1107,entourage (el sequito) (2015),https://t.me/c/2595202697/23684,"",,,
1108,alias maria (2015),https://t.me/c/2595202697/23688,"",,,
1109,bob esponja un heroe fuera del agua (2015),https://t.me/c/2595202697/23692,"",,,
1110,actividad paranormal la dimension fantasma (2015),https://t.me/c/2595202697/23696,"",,,
1111,alvin y las ardillas  aventura sobre ruedas (2015),https://t.me/c/2595202697/23700,"",,,
1112,a la mierda con los zombis(2015),https://t.me/c/2595202697/23704,"",,,
1113,un gallo con muchos huevos (2015),https://t.me/c/2595202697/23708,"",,,
1114,dragon ball z  la resurreccion de freezer (2015),https://t.me/c/2595202697/23712,"",,,
1115,vengadores la era de ultron(2015),https://t.me/c/2595202697/23716,"",,,
1116,dulce venganza 3 la venganza es mia (2015),https://t.me/c/2595202697/23720,"",,,
1117,windstorm 2 (2015)subtitulado,https://t.me/c/2595202697/23724,"",,,
1118,focus: maestros de la estafa (2015),https://t.me/c/2595202697/23728,"",,,
1059,la serie divergente insurgente (2015),https://t.me/c/2595202697/23493,"",divergente,,
1061,rapidos y furiosos 7 (2015),https://t.me/c/2595202697/23501,"",furioso,,
1068,creed (2015),https://t.me/c/2595202697/23529,"",creed,,
1071,cincuenta sombras de grey (2015)(version sin censura),https://t.me/c/2595202697/23541,"",sombras,,
1077,la noche del demonio capitulo 3 (2015),https://t.me/c/2595202697/23565,"",demonio1,,
1078,mad max furia en la carretera (2015),https://t.me/c/2595202697/23569,"",max,,
1088,"007 spectre(2015)",https://t.me/c/2595202697/23610,"","007",,
1119,home: no hay lugar como el hogar (2015),https://t.me/c/2595202697/23732,"",,,
1120,los huespedes (2015),https://t.me/c/2595202697/23736,"",,,
1121,hell house llc (2015)subtitulada,https://t.me/c/2595202697/23740,"",,,
1122,la pontifice (2009),https://t.me/c/2595202697/23745,"",,,
1123,"siempre a tu lado, hachiko (2009)",https://t.me/c/2595202697/23749,"",,,
1124,coraline y la puerta secreta (2009)(animado),https://t.me/c/2595202697/23753,"",,,
1125,watchmen los vigilantes (2009),https://t.me/c/2595202697/23757,"",,,
1126,la mujer maravilla (2009)(animado),https://t.me/c/2595202697/23761,"",,,
1128,la mentira original (2009),https://t.me/c/2595202697/23769,"",,,
1130,up una aventura de altura (2009),https://t.me/c/2595202697/23777,"",,,
1131,cartas a dios (2009),https://t.me/c/2595202697/23781,"",,,
1132,un sueño posible (2009),https://t.me/c/2595202697/23785,"",,,
1133,diabolica tentacion (2009),https://t.me/c/2595202697/23789,"",,,
1135,"skyrunners, expediente ovni (2009)",https://t.me/c/2595202697/23797,"",,,
1136,puños mortales(promesa sangrienta) (2009),https://t.me/c/2595202697/23801,"",,,
1139,donde viven los monstruos (2009),https://t.me/c/2595202697/23813,"",,,
1140,obsesiva (2009),https://t.me/c/2595202697/23817,"",,,
1141,"boogie, el aceitoso (2009)",https://t.me/c/2595202697/23821,"",,,
1144,asesino en casa (2009),https://t.me/c/2595202697/23830,"",,,
1145,la maldicion de las hermanas (2009),https://t.me/c/2595202697/23834,"",,,
1146,puños mortales (2009),https://t.me/c/2595202697/23838,"",,,
1147,la maldicion 3 (el grito 3) (2009),https://t.me/c/2595202697/23843,"",,,
1148,anaconda 4 rastro de sangre (2009),https://t.me/c/2595202697/23847,"",,,
1149,celda 211 (2009)(castellano),https://t.me/c/2595202697/23851,"",,,
1151,arrastrame al infierno (2009),https://t.me/c/2595202697/23859,"",,,
1152,arrastrame al infierno (2009)(theatrical cut),https://t.me/c/2595202697/23860,"",,,
1153,madea goes to jail (subtitulado)(2009)(sub-blanco),https://t.me/c/2595202697/23864,"",,,
1154,madea goes to jail (subtitulado)(2009)(sub-amarillo),https://t.me/c/2595202697/23865,"",,,
1155,i can do bad all by myself (subtitulado)(2009)(sub-blanco),https://t.me/c/2595202697/23869,"",,,
1156,i can do bad all by myself (subtitulado)(2009)(sub-amarillo),https://t.me/c/2595202697/23870,"",,,
1157,extrañas apariciones (2009),https://t.me/c/2595202697/23874,"",,,
1158,ju-on black ghost (2009)(subtitulada),https://t.me/c/2595202697/23878,"",,,
1159,ju-on white ghost (2009)(subtitulada),https://t.me/c/2595202697/23882,"",,,
1160,michael jackson esto es todo(2009),https://t.me/c/2595202697/23886,"",,,
1161,el coleccionista (2009),https://t.me/c/2595202697/23890,"",,,
1162,inframundo 3 la rebelion de los lycans (2009),https://t.me/c/2595202697/23894,"",,,
1163,sherlock holmes (2009),https://t.me/c/2595202697/23898,"",,,
1164,la huerfana (2009),https://t.me/c/2595202697/23902,"",,,
1165,el retrato de dorian gray (2009),https://t.me/c/2595202697/23906,"",,,
1166,halloween ii {h2} {version extendida}(2009),https://t.me/c/2595202697/23910,"",,,
1167,la princesa y el sapo (2009),https://t.me/c/2595202697/23914,"",,,
1168,avatar (2009),https://t.me/c/2595202697/23918,"",,,
1169,american pie presenta el libro del amor(2009),https://t.me/c/2595202697/23922,"",,,
1170,one piece movie strong world (2009),https://t.me/c/2595202697/23926,"",,,
1171,alvin y las ardillas 2 (2009),https://t.me/c/2595202697/23930,"",,,
1172,"500 dias con ella (2009)",https://t.me/c/2595202697/23934,"",,,
1173,otra pelicula de huevos y un pollo (2009),https://t.me/c/2595202697/23938,"",,,
1174,transformers  la venganza de los caidos (2009),https://t.me/c/2595202697/23943,"",,,
1175,van wilder 3: el año del estudiante (2009),https://t.me/c/2595202697/23947,"",,,
1176,la maldicion de las hermanas (presencias extrañas) (2009),https://t.me/c/2595202697/23951,"",,,
1177,franco escamilla por la anecdota (2018),https://t.me/c/2595202697/23957,"",,,
1181,cadaver (2018),https://t.me/c/2595202697/23973,"",,,
1183,bao (2018)(cortometraje),https://t.me/c/2595202697/23981,"",,,
1185,mutafukaz(2018)(castellano),https://t.me/c/2595202697/23989,"",,,
1186,si solo pudiera imaginar (2018),https://t.me/c/2595202697/23993,"",,,
1194,predator (2018),https://t.me/c/2595202697/24025,"",,,
1198,inuyashiki(2018)(castellano),https://t.me/c/2595202697/24038,"",,,
1199,inuyashiki(2018)(subtitulado),https://t.me/c/2595202697/24039,"",,,
1179,ant-man y la avispa (2018),https://t.me/c/2595202697/23965,"",ant,,
1182,asterix el secreto de la pocion magica (2018),https://t.me/c/2595202697/23977,"",asterix,,
1180,un lugar en silencio (2018),https://t.me/c/2595202697/23969,,silencio,,
1184,la princesa encantada un misterio real (2018),https://t.me/c/2595202697/23985,"",princesa,,
1129,rapidos y furiosos (2009),https://t.me/c/2595202697/23773,"",furioso,,
1187,dios no esta muerto 3 una luz en la oscuridad (2018),https://t.me/c/2595202697/23997,"",dios,,
1134,la montaña embrujada (2009),https://t.me/c/2595202697/23793,"",montaña,,
1188,los increibles 2 (2018),https://t.me/c/2595202697/24001,"",increible,,
1190,la leyenda del charro negro (2018),https://t.me/c/2595202697/24009,"",leyenda,,
1191,bird box a ciegas (2018),https://t.me/c/2595202697/24013,"",bird,,
1192,creed ii defendiendo el legado (2018),https://t.me/c/2595202697/24017,"",creed,,
1193,cuando ellas quieren (2018),https://t.me/c/2595202697/24021,"",quieren,,
1195,aquaman (2018),https://t.me/c/2595202697/24029,"",aquaman,,
1197,agatha y la verdad del crimen (2018)(subtitulado),https://t.me/c/2595202697/24034,"",agatha,,
1137,[rec]² (2009),https://t.me/c/2595202697/23805,"",rec,,
1138,destino final 4 (2009),https://t.me/c/2595202697/23809,"",destinof,,
1142,zombis nazis (2009)(castellano),https://t.me/c/2595202697/23825,"",sombisn,,
1143,zombis nazis (2009)(subtitulado),https://t.me/c/2595202697/23826,"",sombisn,,
1201,deseo de matar (2018),https://t.me/c/2595202697/24047,"",,,
1205,maquinas mortales (2018),https://t.me/c/2595202697/24063,"",,,
1206,mowgli relatos del libro de la selva (2018),https://t.me/c/2595202697/24067,"",,,
1207,el convento (2018),https://t.me/c/2595202697/24071,"",,,
1208,el misterio del convento (2018),https://t.me/c/2595202697/24075,"",,,
1209,juego perverso (2018),https://t.me/c/2595202697/24079,"",,,
1210,mision imposible - repercusion (2018),https://t.me/c/2595202697/24083,"",,,
1211,la pequeña traviesa (2018),https://t.me/c/2595202697/24087,"",,,
1212,deadpool 2(2018),https://t.me/c/2595202697/24091,"",,,
1213,deadpool 2 (super duper cut)(2018),https://t.me/c/2595202697/24092,"",,,
1214,deadpool 2 (2018)(unrated version),https://t.me/c/2595202697/24093,"",,,
1215,erase una vez un deadpool (2018),https://t.me/c/2595202697/24097,"",,,
1216,in fabric vistiendo la muerte (2018),https://t.me/c/2595202697/24101,"",,,
1217,suspiria el maligno (2018),https://t.me/c/2595202697/24105,"",,,
1218,batman ninja (ニンジャバットマン)(2018),https://t.me/c/2595202697/24109,"",,,
1219,un pequeño favor (2018),https://t.me/c/2595202697/24113,"",,,
1220,junto a los dioses 2 los ultimos 49 dias(신과함께-인과 연) (2018),https://t.me/c/2595202697/24117,"",,,
1221,un principe de navidad la boda real (2018),https://t.me/c/2595202697/24121,"",,,
1222,zombies(z-o-m-b-i-e-s) (2018),https://t.me/c/2595202697/24125,"",,,
1223,regresa a mi (2018),https://t.me/c/2595202697/24129,"",,,
1224,benji (2018),https://t.me/c/2595202697/24133,"",,,
1225,jurassic world el reino caido(2018),https://t.me/c/2595202697/24137,"",,,
1226,battle (2018),https://t.me/c/2595202697/24141,"",,,
1227,hellraiser  judgment (2018) subtitulada,https://t.me/c/2595202697/24145,"",,,
1228,pantera negra (2018),https://t.me/c/2595202697/24149,"",,,
1229,johnny english 3.0 (2018),https://t.me/c/2595202697/24153,"",,,
1230,halloween (2018),https://t.me/c/2595202697/24157,"",,,
1231,"12 horas para sobrevivir el inicio (2018)",https://t.me/c/2595202697/24161,"",,,
1232,alerta en lo profundo 2 (2018),https://t.me/c/2595202697/24165,"",,,
1233,atrapados una historia verdadera (2018),https://t.me/c/2595202697/24169,"",,,
1234,blackmark (2018),https://t.me/c/2595202697/24173,"",,,
1235,un niño como jake (2018),https://t.me/c/2595202697/24177,"",,,
1236,a-x-l (2018),https://t.me/c/2595202697/24181,"",,,
1237,ascension de las maquinas (2018),https://t.me/c/2595202697/24185,"",,,
1238,dragon ball super  broly (2018),https://t.me/c/2595202697/24189,"",,,
1239,vengadores infinity war(2018),https://t.me/c/2595202697/24193,"",,,
1240,terrifier (2018),https://t.me/c/2595202697/24197,"",,,
1241,bumblebee (2018),https://t.me/c/2595202697/24201,"",,,
1242,el ataque de los zombis (2018),https://t.me/c/2595202697/24205,"",,,
1243,jefa por accidente (2018),https://t.me/c/2595202697/24209,"",,,
1244,mirai mi pequeña hermana (2018),https://t.me/c/2595202697/24213,"",,,
1245,el paseo 5 (2018),https://t.me/c/2595202697/24217,"",,,
1246,hell house llc ii the abaddon hotel (2018)subtitulada,https://t.me/c/2595202697/24221,"",,,
1247,t-34 (2018),https://t.me/c/2595202697/24225,"",,,
1248,criaturas nocturnas (2018),https://t.me/c/2595202697/24229,"",,,
1249,rampage devastacion (2018),https://t.me/c/2595202697/24233,"",,,
1250,gonjiam hospital maldito (2018),https://t.me/c/2595202697/24237,"",,,
1251,el robo perfecto (2018),https://t.me/c/2595202697/24241,"",,,
1252,en la linea de fuego (1993),https://t.me/c/2595202697/24250,"",,,
1255,tombstone la leyenda de wyatt earp (1993),https://t.me/c/2595202697/24262,"",,,
1256,geronimo una leyenda americana (1993),https://t.me/c/2595202697/24266,"",,,
1258,filadelfia (1993),https://t.me/c/2595202697/24274,"",,,
1259,el demoledor (1993),https://t.me/c/2595202697/24278,"",,,
1260,una propuesta indecente (1993),https://t.me/c/2595202697/24282,"",,,
1261,stalingrado (1993),https://t.me/c/2595202697/24286,"",,,
1262,puedo escuchar el mar (1993)(anime),https://t.me/c/2595202697/24290,"",,,
1263,lo mejor de lo mejor 2 (1993),https://t.me/c/2595202697/24294,"",,,
1264,historia de un crimen (jackie chan)(1993),https://t.me/c/2595202697/24298,"",,,
1265,parque jurasico(1993),https://t.me/c/2595202697/24302,"",,,
1266,el cuerpo del delito (1993),https://t.me/c/2595202697/24306,"",,,
1267,nuestra pandilla (1993),https://t.me/c/2595202697/24310,"",,,
1268,el hombre meteoro (1993),https://t.me/c/2595202697/24314,"",,,
1269,warlock 2 el armagedon (1993),https://t.me/c/2595202697/24318,"",,,
1270,dragon ball z el poder invencible (1993),https://t.me/c/2595202697/24322,"",,,
1271,dragon ball z la galaxia corre peligro (1993),https://t.me/c/2595202697/24326,"",,,
1272,los dioses deben estar locos 4 (1993)(sd)(sub),https://t.me/c/2595202697/24330,"",,,
1273,liberen a willy (1993),https://t.me/c/2595202697/24334,"",,,
1274,airborne (1993),https://t.me/c/2595202697/24338,"",,,
1275,¿a quien ama gilbert grape? (1993),https://t.me/c/2595202697/24342,"",,,
1277,daño colateral (2002),https://t.me/c/2595202697/24351,"",,,
1278,minority report sentencia previa (2002),https://t.me/c/2595202697/24355,"",,,
1282,carnada (2024),https://t.me/c/2595202697/30168,"",,,
1283,la bestia (2024)(castellano),https://t.me/c/2595202697/30176,"",,,
1253,operacion caceria (1993),https://t.me/c/2595202697/24254,"",caceria,,
1279,invicto contraataque (2002),https://t.me/c/2595202697/24359,"",invicto,,
1254,la biblia abraham(1993),https://t.me/c/2595202697/24258,"",biblia,,
1280,blade ii (2002),https://t.me/c/2595202697/24367,"",blade,,
1200,el justiciero 2 (2018),https://t.me/c/2595202697/24043,"",justiciero,,
1202,megalodon (2018),https://t.me/c/2595202697/24051,"",megalodon,,
1203,cincuenta sombras liberadas(2018)(version sin censura),https://t.me/c/2595202697/24055,"",sombras,,
1257,robocop 3 (1993),https://t.me/c/2595202697/24270,"",robocop,,
1204,la noche del demonio la ultima llave (2018),https://t.me/c/2595202697/24059,"",demonio1,,
1284,v de victor (2024),https://t.me/c/2595202697/30181,"",,,
1285,el ultimo aliento (2024)(castellano),https://t.me/c/2595202697/30192,"",,,
1286,no negociable (2024),https://t.me/c/2595202697/30197,"",,,
1287,la musa de bonnard (2024),https://t.me/c/2595202697/30205,"",,,
1288,la reina de la montaña lhakpa sherpa y la cumbre del everest (2024),https://t.me/c/2595202697/30213,"",,,
1289,en la piel de blanche houellebecq (2024),https://t.me/c/2595202697/30221,"",,,
1290,emma y el jaguar negro (2024)(subtitulado),https://t.me/c/2595202697/30226,"",,,
1291,paradox effect (2024)(subtitulado),https://t.me/c/2595202697/30231,"",,,
1292,una pelicula barata (2024)(castellano),https://t.me/c/2595202697/30239,"",,,
1293,un lugar en silencio dia uno (2024),https://t.me/c/2595202697/30247,"",,,
1294,daddio (2024)(subtitulado),https://t.me/c/2595202697/30252,"",,,
1295,presa (2024),https://t.me/c/2595202697/30260,"",,,
1296,sin limites los casos del departamento q (2024)(subtitulado),https://t.me/c/2595202697/30265,"",,,
1297,los de la culpa la pelicula (2024),https://t.me/c/2595202697/30273,"",,,
1298,los radley (2024),https://t.me/c/2595202697/30281,"",,,
1299,alien romulus (2024),https://t.me/c/2595202697/30289,"",,,
1300,como ser millonario antes que muera la abuela(หลานม่า) (2024),https://t.me/c/2595202697/30297,"",,,
1301,llamado nocturno (2024),https://t.me/c/2595202697/30305,"",,,
1302,first shift (2024),https://t.me/c/2595202697/30313,"",,,
1303,el ejecutor (2024),https://t.me/c/2595202697/30321,"",,,
1305,sobreviviendo (2024),https://t.me/c/2595202697/30337,"",,,
1306,horizonte: una leyenda americana - capitulo 1 (2024),https://t.me/c/2595202697/30345,"",,,
1307,el cazador de espiritus (2024),https://t.me/c/2595202697/30353,"",,,
1308,angeles caidos guerreros de la paz (2024),https://t.me/c/2595202697/30361,"",,,
1309,duchess (2024),https://t.me/c/2595202697/30369,"",,,
1310,sangre poseida (2024),https://t.me/c/2595202697/30377,"",,,
1311,agente de kung fu (2024),https://t.me/c/2595202697/30385,"",,,
1312,ride (2024),https://t.me/c/2595202697/30393,"",,,
1313,secuestro en el aire 1971 (2024),https://t.me/c/2595202697/30401,"",,,
1314,adam primero (2024),https://t.me/c/2595202697/30409,"",,,
1315,un completo desconocido (2024),https://t.me/c/2595202697/30417,"",,,
1316,gigantes (2024),https://t.me/c/2595202697/30425,"",,,
1317,alice (subservience) (2024),https://t.me/c/2595202697/30433,"",,,
1318,mi perfecto ex (2024),https://t.me/c/2595202697/30441,"",,,
1319,los tipos malos ¿truco o atraco (2024),https://t.me/c/2595202697/30449,"",,,
1320,quinografia(documental) (2024),https://t.me/c/2595202697/30457,"",,,
1321,los extraños capítulo 1 (2024),https://t.me/c/2595202697/30465,"",,,
1322,azrael (2024),https://t.me/c/2595202697/30473,"",,,
1323,el guardian de las monarcas (2024),https://t.me/c/2595202697/30481,"",,,
1324,sonrie 2 (2024),https://t.me/c/2595202697/30489,"",,,
1325,deadpool y wolverine (2024),https://t.me/c/2595202697/30497,"",,,
1326,guason 2 folie a deux (2024),https://t.me/c/2595202697/30505,"",,,
1327,contrato de las sombras (2024),https://t.me/c/2595202697/30513,"",,,
1328,tienes 24 horas (2024),https://t.me/c/2595202697/30521,"",,,
1329,seduccion (2024),https://t.me/c/2595202697/30529,"",,,
1330,el experimento del sueño (2024),https://t.me/c/2595202697/30537,"",,,
1331,crypto la apuesta final (2024),https://t.me/c/2595202697/30545,"",,,
1332,umjolo desde el primer dia (2024),https://t.me/c/2595202697/30553,"",,,
1333,enfrentando la oscuridad (2024),https://t.me/c/2595202697/30561,"",,,
1334,saint catherine (2024),https://t.me/c/2595202697/30569,"",,,
1335,la cueva azul (2024),https://t.me/c/2595202697/30577,"",,,
1337,el contable 2 (2025),https://t.me/c/2595202697/30597,"",,,
1338,código negro (2025),https://t.me/c/2595202697/30605,"",,,
1339,el asesino de los ojos de corazon (2025),https://t.me/c/2595202697/30613,"",,,
1340,uno de esos dias (2025),https://t.me/c/2595202697/30621,"",,,
1341,pecadores (2025),https://t.me/c/2595202697/30629,"",,,
1342,las aventuras de dog man (2025),https://t.me/c/2595202697/30637,"",,,
1343,capitan america un nuevo mundo (2025),https://t.me/c/2595202697/30645,"",,,
1344,hombre lobo (2025),https://t.me/c/2595202697/30653,"",,,
1345,echo valley (2025),https://t.me/c/2595202697/30661,"",,,
1346,harta (2025),https://t.me/c/2595202697/30669,"",,,
1347,acto encubierto (2025),https://t.me/c/2595202697/30677,"",,,
1348,masameer junior (2025),https://t.me/c/2595202697/30685,"",,,
1349,alba del desierto(amanecer sangriento) (2025),https://t.me/c/2595202697/30693,"",,,
1350,nuestros tiempos (2025),https://t.me/c/2595202697/30701,"",,,
1351,corazon delator (2025),https://t.me/c/2595202697/30709,"",,,
1352,la leyenda de ochi (2025),https://t.me/c/2595202697/30717,"",,,
1353,warfare tiempo de guerra (2025),https://t.me/c/2595202697/30725,"",,,
1354,terror en el rio (2025),https://t.me/c/2595202697/30733,"",,,
1355,las guerreras k-pop (2025),https://t.me/c/2595202697/30741,"",,,
1356,la fuente de la juventud (2025),https://t.me/c/2595202697/30749,"",,,
1357,alarum codigo letal (2025),https://t.me/c/2595202697/30757,"",,,
1358,wwe backlash (2025),https://t.me/c/2595202697/30765,"",,,
1359,fight or flight (2025),https://t.me/c/2595202697/30773,"",,,
1360,peter pan pesadilla en la tierra del nunca jamas (2025),https://t.me/c/2595202697/30781,"",,,
1361,blanca nieves (2025),https://t.me/c/2595202697/30789,"",,,
1362,estragos (2025),https://t.me/c/2595202697/30793,"",,,
1363,bala perdida 3 (2025),https://t.me/c/2595202697/30797,"",,,
1364,drop amenaza anonima (2025),https://t.me/c/2595202697/30801,"",,,
1365,el misterio de la libelula (2002),https://t.me/c/2595202697/24371,"",,,
1366,shottas hermanos en el crimen (2002),https://t.me/c/2595202697/24375,"",,,
1367,minicampeones (2002),https://t.me/c/2595202697/24379,"",minica,,
1369,señales (2002),https://t.me/c/2595202697/24387,"",,,
1371,lilo y stitch (2002),https://t.me/c/2595202697/24395,"",,,
1372,la maquina del tiempo  (2002),https://t.me/c/2595202697/24399,"",,,
1374,la suma de todos los miedos (2002),https://t.me/c/2595202697/24407,"",,,
1375,hombres de negro 2 (2002),https://t.me/c/2595202697/24411,"",,,
1376,el ataque de las arañas (2002),https://t.me/c/2595202697/24415,"",,,
1377,exterminio (2002),https://t.me/c/2595202697/24419,"",,,
1378,barridos por la marea (swept away)(castellano)(2002),https://t.me/c/2595202697/24423,"",,,
1379,a mi madre le gustan las mujeres (2002),https://t.me/c/2595202697/24427,"",,,
1380,food of love (2002),https://t.me/c/2595202697/24431,"",,,
1381,rencor (castellano)(2002),https://t.me/c/2595202697/24435,"",,,
1382,ju-on la maldicion (2002)-latino,https://t.me/c/2595202697/24439,"",,,
1383,hellraiser vi  hellseeker (2002),https://t.me/c/2595202697/24443,"",,,
1384,halloween  resurreccion (2002),https://t.me/c/2595202697/24447,"",,,
1385,one piece la isla de los extraños monstruos - el reino de chopper (2002),https://t.me/c/2595202697/24451,"",,,
1386,"8 mile calle de ilusiones (2002)",https://t.me/c/2595202697/24455,"",,,
1387,el novato (2002),https://t.me/c/2595202697/24459,"",,,
1388,tarzan y jane (2002),https://t.me/c/2595202697/24463,"",,,
1389,van wilder fiesta salvaje (2002),https://t.me/c/2595202697/24467,"",,,
1390,spirit: el corcel indomable (2002),https://t.me/c/2595202697/24471,"",,,
1391,mi gran boda griega (2002),https://t.me/c/2595202697/24475,"",,,
1393,eterno resplandor de una mente sin recuerdos (2004),https://t.me/c/2595202697/24484,"",,,
1394,el maquinista (2004),https://t.me/c/2595202697/24488,"",,,
1396,van helsing cazador de monstruos (2004),https://t.me/c/2595202697/24496,"",,,
1397,la ventana secreta (2004),https://t.me/c/2595202697/24500,"",,,
1405,los extranos capitulo 1 (2024),https://t.me/c/2595202697/24532,"",,,
1406,the ministry of ungentlemanly warfare (2024),https://t.me/c/2595202697/24536,"",,,
1407,life after fighting (2024)(subtitulado),https://t.me/c/2595202697/24540,"",,,
1409,la hermandad de la guerra (2004),https://t.me/c/2595202697/24548,"",,,
1410,y donde estan las rubias (2004),https://t.me/c/2595202697/24551,"",,,
1411,el vuelo del fenix (2004),https://t.me/c/2595202697/24555,"",,,
1412,la chica de al lado (2004)(unrated),https://t.me/c/2595202697/24559,"",,,
1415,harold y kumar aventura nocturna (2004)calidad baja,https://t.me/c/2595202697/24571,"",,,
1416,el diario de la princesa 2 (2004),https://t.me/c/2595202697/24575,"",,,
1417,la maldicion (el grito) (2004),https://t.me/c/2595202697/24579,"",,,
1418,troya (2004),https://t.me/c/2595202697/24583,"",,,
1419,shrek 2 (2004),https://t.me/c/2595202697/24587,"",,,
1420,si yo tuviera 30 (2004),https://t.me/c/2595202697/24591,"",,,
1421,anaconda 2 en busca de la orquidea sangrienta (2004),https://t.me/c/2595202697/24595,"",,,
1422,el amanecer de los muertos (2004),https://t.me/c/2595202697/24599,"",,,
1423,pusher ii (2004)(subtitulado),https://t.me/c/2595202697/24603,"",,,
1424,el aviador (2004),https://t.me/c/2595202697/24607,"",,,
1425,the twins effect ii. las cronicas de huadu (2004),https://t.me/c/2595202697/24611,"",,,
1426,los fockers la familia de mi esposo (2004),https://t.me/c/2595202697/24615,"",,,
1427,benji off the leash!)subtitulado( (2004)-sub-blanco,https://t.me/c/2595202697/24619,"",,,
1428,benji off the leash!)subtitulado( (2004)-sub-amarillo,https://t.me/c/2595202697/24620,"",,,
1429,motocross kids (2004),https://t.me/c/2595202697/24624,"",,,
1430,starship troopers 2 heroe de la federacion (2004),https://t.me/c/2595202697/24628,"",,,
1431,"bob esponja, la pelicula (2004)",https://t.me/c/2595202697/24632,"",,,
1432,robando vidas (2004),https://t.me/c/2595202697/24636,"",,,
1434,capitan america el primer vengador (2011),https://t.me/c/2595202697/24645,"",,,
1435,robo en las alturas (2011),https://t.me/c/2595202697/24649,"",,,
1436,scream 4 (2011),https://t.me/c/2595202697/24653,"",,,
1439,un pase de gracia (2011),https://t.me/c/2595202697/24665,"",,,
1440,reto de valientes (2011),https://t.me/c/2595202697/24669,"",,,
1442,linterna verde (2011),https://t.me/c/2595202697/24677,"",,,
1443,agentes secretos (haywire) (2011),https://t.me/c/2595202697/24681,"",,,
1445,megan is missing (2011)(subtitulado),https://t.me/c/2595202697/24689,"",,,
1448,un lugar maravilloso (2011)[international version]),https://t.me/c/2595202697/24701,"",,,
1395,el rey leon 3 hakuna matata (2004),https://t.me/c/2595202697/24492,"",rey,,
1433,el francotirador 3 (2004),https://t.me/c/2595202697/24640,"",Sniper,,
1437,la cosa del otro mundo (2011),https://t.me/c/2595202697/24657,"",cosa,,
1438,rapidos y furiosos 5in control (2011),https://t.me/c/2595202697/24661,"",furioso,,
1399,la biblia apocalípsis (2004),https://t.me/c/2595202697/24508,"",biblia,,
1400,judas (2004)(calidad corregida) 😃,https://t.me/c/2595202697/24512,"",biblia,,
1401,a traves de tu mirada (2024),https://t.me/c/2595202697/24516,"",traves,,
1402,blade trinity (2004),https://t.me/c/2595202697/24520,"",blade,,
1403,los increibles (2004),https://t.me/c/2595202697/24524,"",increible,,
1441,la leyenda de la llorona (2011),https://t.me/c/2595202697/24673,"",leyenda,,
1408,alien vs. predator (2004),https://t.me/c/2595202697/24544,"",alienv,,
1444,quiero matar a mi jefe (2011),https://t.me/c/2595202697/24685,"",jefe,,
1446,la noche del demonio (2011),https://t.me/c/2595202697/24693,"",demonio1,,
1447,destino final 5 (2011),https://t.me/c/2595202697/24697,"",destinof,,
1368,el aro (2002),https://t.me/c/2595202697/24383,"",elaro,,
1413,el exorcista el comienzo (2004),https://t.me/c/2595202697/24563,"",elexorcista,,
1370,balto 2 aventura en la tierra de hielo (2002)(calidad baja),https://t.me/c/2595202697/24391,"",baltoa,,
1414,balto 3 rescate del avion perdido (2004)(calidad baja),https://t.me/c/2595202697/24567,"",baltoa,,
1373,"007 otro dia para morir(2002)",https://t.me/c/2595202697/24403,"","007",,
1449,un lugar maravilloso (2011)[uk theatrical cut],https://t.me/c/2595202697/24702,"",,,
1450,soy el numero cuatro (2011),https://t.me/c/2595202697/24706,"",,,
1452,mision imposible - protocolo fantasma (2011),https://t.me/c/2595202697/24714,"",,,
1453,la navidad de harold y kumar (2011),https://t.me/c/2595202697/24718,"",,,
1454,gigantes de acero (2011),https://t.me/c/2595202697/24722,"",,,
1455,un cuento chino (2011),https://t.me/c/2595202697/24726,"",,,
1456,madea's big happy family(subtitulado) (2011)(sub-blanco),https://t.me/c/2595202697/24730,"",,,
1457,madea's big happy family(subtitulado) (2011)(sub-amarillo),https://t.me/c/2595202697/24731,"",,,
1458,rio (2011),https://t.me/c/2595202697/24735,"",,,
1459,si fueras yo (2011),https://t.me/c/2595202697/24739,"",,,
1460,sherlock holmes juego de sombras (2011),https://t.me/c/2595202697/24743,"",,,
1461,en un lugar solitario para morir (2011),https://t.me/c/2595202697/24747,"",,,
1462,lifi una gallina tocada del ala (castellano)(2011),https://t.me/c/2595202697/24751,"",,,
1463,crebinsky (castellano)(2011),https://t.me/c/2595202697/24755,"",,,
1464,thor (2011),https://t.me/c/2595202697/24759,"",,,
1465,hellraiser  revelations (2011),https://t.me/c/2595202697/24763,"",,,
1466,johnny english recargado (2011),https://t.me/c/2595202697/24767,"",,,
1467,eva de la argentina (2011),https://t.me/c/2595202697/24771,"",,,
1468,actividad paranormal 3 (2011),https://t.me/c/2595202697/24775,"",,,
1469,alvin y las ardillas 3 (2011),https://t.me/c/2595202697/24779,"",,,
1470,"8 minutos antes de morir (2011)",https://t.me/c/2595202697/24783,"",,,
1472,transformers  el lado oscuro de la luna (2011),https://t.me/c/2595202697/24791,"",,,
1473,la piel que habito (2011),https://t.me/c/2595202697/24795,"",,,
1475,la teoria del todo (2014),https://t.me/c/2595202697/24804,"",,,
1476,capitan america 2 el soldado del invierno (2014),https://t.me/c/2595202697/24808,"",,,
1477,lucy (2014),https://t.me/c/2595202697/24812,"",,,
1478,el payaso del mal (2014),https://t.me/c/2595202697/24816,"",,,
1479,iron man y capitan america heroes unidos (2014)(animado),https://t.me/c/2595202697/24820,"",,,
1481,interestelar (2014),https://t.me/c/2595202697/24828,"",,,
1485,st. vincent (2014),https://t.me/c/2595202697/24844,"",,,
1486,relatos salvajes (2014),https://t.me/c/2595202697/24848,"",,,
1488,hijo de dios (2014),https://t.me/c/2595202697/24856,"",,,
1498,robocop (2014),https://t.me/c/2595202697/24897,"",,,
1499,corazones de hierro (2014),https://t.me/c/2595202697/24901,"",,,
1502,noe (2014),https://t.me/c/2595202697/24913,"",,,
1503,exodo dioses y reyes (2014),https://t.me/c/2595202697/24917,"",,,
1504,el cielo si existe (2014),https://t.me/c/2595202697/24921,"",,,
1505,asi en la tierra como en el infierno (2014),https://t.me/c/2595202697/24925,"",,,
1506,zapatero a tus zapatos (2014),https://t.me/c/2595202697/24929,"",,,
1509,grandes heroes (2014),https://t.me/c/2595202697/24938,"",,,
1510,el gran impostor (2014),https://t.me/c/2595202697/24942,"",,,
1512,el apostador (2014),https://t.me/c/2595202697/24950,"",,,
1513,los juegos del hambre sinsajo - parte 1 (2014),https://t.me/c/2595202697/24954,"",,,
1514,locas y atrapadas (2014),https://t.me/c/2595202697/24958,"",,,
1516,la señal (2014),https://t.me/c/2595202697/24966,"",,,
1517,la maldicion el inicio del fin(subtitulado) (2014)(sub-blanco),https://t.me/c/2595202697/24970,"",,,
1518,la maldicion el inicio del fin (subtitulado) (2014)(sub-amarillo),https://t.me/c/2595202697/24971,"",,,
1519,rio 2 (2014),https://t.me/c/2595202697/24975,"",,,
1520,un novato en apuros (2014),https://t.me/c/2595202697/24979,"",,,
1521,'71 (2014),https://t.me/c/2595202697/24983,"",,,
1522,amor de mis amores (2014),https://t.me/c/2595202697/24987,"",,,
1523,sin city 2 una dama fatal (2014),https://t.me/c/2595202697/24991,"",,,
1524,lasa y zabala (castellano)(2014),https://t.me/c/2595202697/24995,"",,,
1525,cantinflas (2014),https://t.me/c/2595202697/24999,"",,,
1526,la entrega (the drop) (2014),https://t.me/c/2595202697/25003,"",,,
1527,los piratas (2014),https://t.me/c/2595202697/25007,"",,,
1528,"12 horas para sobrevivir (2014)",https://t.me/c/2595202697/25011,"",,,
1529,actividad paranormal los marcados(2014),https://t.me/c/2595202697/25015,"",,,
1530,"300  el nacimiento de un imperio (2014)",https://t.me/c/2595202697/25019,"",,,
1480,tras lineas enemigas 4 comando de elite (2014),https://t.me/c/2595202697/24824,"",lineas,,
1482,los ojos del mal 2(2014),https://t.me/c/2595202697/24832,"",ojos,,
1484,divergente (2014),https://t.me/c/2595202697/24840,"",divergente,,
1487,la princesa encantada un cuento de la familia real (2014),https://t.me/c/2595202697/24852,"",princesa,,
1489,dios no esta muerto (2014),https://t.me/c/2595202697/24860,"",dios,,
1490,guardianes de la galaxia (2014),https://t.me/c/2595202697/24864,"",guardianes,,
1491,john wick: otro día para matar (2014),https://t.me/c/2595202697/24868,"",wick,,
1492,maze runner correr o morir (2014),https://t.me/c/2595202697/24872,"",runner,,
1493,la leyenda de las momias de guanajuato (2014),https://t.me/c/2595202697/24876,"",leyenda,,
1495,quiero matar a mi jefe 2 (2014),https://t.me/c/2595202697/24884,"",jefe,,
1496,el justiciero (2014),https://t.me/c/2595202697/24888,"",justiciero,,
1497,mortadelo y filemon contra jimmy el cachondo(2014),https://t.me/c/2595202697/24892,"",mortadelo,,
1500,[rec] 4 apocalipsis (2014),https://t.me/c/2595202697/24905,"",rec,,
1501,la ultima profecia (2014),https://t.me/c/2595202697/24909,"",Behind,,
1508,zombies nazis 2 (2014)(subtitulado),https://t.me/c/2595202697/24934,,sombisn,,
1451,el planeta de los simios: evolucion (2011),https://t.me/c/2595202697/24710,"",planetao,,
1507,zombies nazis 2 (2014)(castellano),https://t.me/c/2595202697/24933,,sombisn,,
1471,gato con botas (2011),https://t.me/c/2595202697/24787,Animacion,,,
1531,"50 a 1 (2014)",https://t.me/c/2595202697/25023,"",,,
1532,transformers 4  la era de la extincion (2014),https://t.me/c/2595202697/25027,"",,,
1533,james brown: el rey del soul (2014),https://t.me/c/2595202697/25031,"",,,
1534,one shot (2014)subtitulada,https://t.me/c/2595202697/25035,"",,,
1535,the dead lands (2014),https://t.me/c/2595202697/25039,"",,,
1537,hambre de poder (2016),https://t.me/c/2595202697/25048,"",,,
1538,moana un mar de aventuras (2016),https://t.me/c/2595202697/25052,"",,,
1539,elvis & nixon (2016),https://t.me/c/2595202697/25056,"",,,
1540,talentos ocultos (2016),https://t.me/c/2595202697/25060,"",,,
1541,capitan america 3 civil war (2016),https://t.me/c/2595202697/25064,"",,,
1542,koe no katachi (2016)(anime),https://t.me/c/2595202697/25068,"",,,
1543,la gran muralla (2016),https://t.me/c/2595202697/25072,"",,,
1544,kimi no na wa(tu nombre) (2016)(anime),https://t.me/c/2595202697/25076,"",,,
1547,el conjuro 2 (2016),https://t.me/c/2595202697/25088,"",,,
1548,la morgue (2016),https://t.me/c/2595202697/25092,"",,,
1551,ben-hur (2016),https://t.me/c/2595202697/25104,"",,,
1552,hasta el ultimo hombre (2016),https://t.me/c/2595202697/25108,"",,,
1553,el precio del perdon (2016),https://t.me/c/2595202697/25112,"",,,
1554,la ilusion atea(2016),https://t.me/c/2595202697/25116,"",,,
1555,milagros del cielo (2016),https://t.me/c/2595202697/25120,"",,,
1557,hablando con el (no me averguenzo)(2016),https://t.me/c/2595202697/25128,"",,,
1559,los siete magnificos (2016),https://t.me/c/2595202697/25136,"",,,
1560,la la land una historia de amor (2016),https://t.me/c/2595202697/25140,"",,,
1561,warcraft el primer encuentro de dos mundos (2016),https://t.me/c/2595202697/25144,"",,,
1563,la resurreccion de cristo (risen) (2016),https://t.me/c/2595202697/25152,"",,,
1564,el libro de la selva (2016),https://t.me/c/2595202697/25156,"",,,
1565,star wars rogue one (2016),https://t.me/c/2595202697/25160,"",,,
1566,friend request (2016),https://t.me/c/2595202697/25164,"",,,
1569,zoolander 2 (2016),https://t.me/c/2595202697/25176,"",,,
1570,del otro lado de la puerta (2016),https://t.me/c/2595202697/25180,"",,,
1571,la llegada (2016),https://t.me/c/2595202697/25184,"",,,
1572,la muñeca vudu (2016),https://t.me/c/2595202697/25188,"",,,
1573,deadpool(2016),https://t.me/c/2595202697/25192,"",,,
1574,line walker (2016),https://t.me/c/2595202697/25196,"",,,
1575,el contador  (2016),https://t.me/c/2595202697/25200,"",,,
1576,trolls (2016),https://t.me/c/2595202697/25204,"",,,
1577,boo! a madea halloween (2016),https://t.me/c/2595202697/25208,"",,,
1578,el dia de la independencia 2 contraataque (2016),https://t.me/c/2595202697/25212,"",,,
1579,los ilusionistas 2 (2016),https://t.me/c/2595202697/25216,"",,,
1580,manhattan en la oscuridad (2016),https://t.me/c/2595202697/25220,"",,,
1581,encuentrame (2016),https://t.me/c/2595202697/25224,"",,,
1582,la quinta ola (2016),https://t.me/c/2595202697/25228,"",,,
1583,un espia y medio (2016),https://t.me/c/2595202697/25232,"",,,
1584,mike y dave los busca novias (2016),https://t.me/c/2595202697/25236,"",,,
1585,un novato en apuros 2 (2016),https://t.me/c/2595202697/25240,"",,,
1586,"50 sombras muy oscuras (2016)",https://t.me/c/2595202697/25244,"",,,
1587,"orgullo, prejuicio y zombies (2016)",https://t.me/c/2595202697/25248,"",,,
1588,miedo profundo (2016),https://t.me/c/2595202697/25252,"",,,
1589,angry birds la pelicula (2016),https://t.me/c/2595202697/25256,"",,,
1590,arq (2016),https://t.me/c/2595202697/25260,"",,,
1591,cigüeñas la historia que no te contaron (2016),https://t.me/c/2595202697/25264,"",,,
1592,el triunfo del espiritu (2016),https://t.me/c/2595202697/25268,"",,,
1593,soy la cosa bella que vive en esta casa (2016),https://t.me/c/2595202697/25272,"",,,
1594,spectral (2016),https://t.me/c/2595202697/25276,"",,,
1595,estacion zombie tren a busan (2016),https://t.me/c/2595202697/25280,"",,,
1596,kubo y la busqueda samurai (2016),https://t.me/c/2595202697/25284,"",,,
1597,la historia real de un falso asesino (2016),https://t.me/c/2595202697/25288,"",,,
1598,zootopia (2016),https://t.me/c/2595202697/25292,"",,,
1599,inframundo 5 guerras de sangre (2016),https://t.me/c/2595202697/25296,"",,,
1600,vientos de la habana (2016),https://t.me/c/2595202697/25300,"",,,
1601,el buen vecino (2016),https://t.me/c/2595202697/25304,"",,,
1602,taekwondo (2016),https://t.me/c/2595202697/25308,"",,,
1603,los nadie (2016),https://t.me/c/2595202697/25312,"",,,
1604,la fiesta de las salchichas (2016),https://t.me/c/2595202697/25316,"",,,
1605,no respires (2016),https://t.me/c/2595202697/25320,"",,,
1606,"12 horas para sobrevivir el año de la eleccion(2016)",https://t.me/c/2595202697/25324,"",,,
1607,"31 morir es el unico escape (2016)",https://t.me/c/2595202697/25328,"",,,
1608,miss peregrine y los niños peculiares(2016),https://t.me/c/2595202697/25332,"",,,
1609,one piece gold  la pelicula (2016),https://t.me/c/2595202697/25336,"",,,
1610,londres bajo fuego (2016),https://t.me/c/2595202697/25340,"",,,
1611,a fondo (2016),https://t.me/c/2595202697/25344,"",,,
1612,mi abuelo es un peligro (2016),https://t.me/c/2595202697/25348,"",,,
1613,purasangre (2016),https://t.me/c/2595202697/25352,"",,,
1614,enredadas... pero felices (2016),https://t.me/c/2595202697/25356,"",,,
1545,operacion caceria 2 (2016),https://t.me/c/2595202697/25080,"",caceria,,
1546,invicto 4 la gran pelea (2016),https://t.me/c/2595202697/25084,"",invicto,,
1549,la serie divergente leal (2016),https://t.me/c/2595202697/25096,"",divergente,,
1556,dios no esta muerto 2 (2016),https://t.me/c/2595202697/25124,"",dios,,
1558,la leyenda del chupacabras (2016),https://t.me/c/2595202697/25132,"",leyenda,,
1562,vanished (2016)(subtitulada),https://t.me/c/2595202697/25148,"",Behind,,
1567,la vida secreta de tus mascotas (2016),https://t.me/c/2595202697/25168,"",mascotasc,,
1568,batman vs superman el origen de la justicia (2016),https://t.me/c/2595202697/25172,"",aceroh,,
1615,mi gran boda griega 2,https://t.me/c/2595202697/25360,"",,,
1616,el paseo 4 (2016),https://t.me/c/2595202697/25364,"",,,
1617,bad cat (2016),https://t.me/c/2595202697/25368,"",,,
1619,vigilante nocturno(security)(2017),https://t.me/c/2595202697/25377,"",,,
1621,baywatch guardianes de la bahia (2017),https://t.me/c/2595202697/25385,"",,,
1626,los curados (2017),https://t.me/c/2595202697/25405,"",,,
1627,barry seal solo en america (2017),https://t.me/c/2595202697/25409,"",,,
1629,perro salvaje (2017),https://t.me/c/2595202697/25417,"",,,
1630,el caso de cristo (2017),https://t.me/c/2595202697/25421,"",,,
1631,la cabaña (2017),https://t.me/c/2595202697/25425,"",,,
1632,que haya luz (2017),https://t.me/c/2595202697/25429,"",,,
1633,una cuestion de fe (2017),https://t.me/c/2595202697/25433,"",,,
1636,linea mortal al límite (2017),https://t.me/c/2595202697/25445,"",,,
1637,ciudad sin ley (2017),https://t.me/c/2595202697/25449,"",,,
1641,mientras el lobo no esta (2017),https://t.me/c/2595202697/25465,"",,,
1642,nunca digas su nombre (2017),https://t.me/c/2595202697/25469,"",,,
1645,el hilo fantasma (2017),https://t.me/c/2595202697/25481,"",,,
1646,"escobar, la traicion (2017)",https://t.me/c/2595202697/25485,"",,,
1647,los descendientes 2 (2017),https://t.me/c/2595202697/25489,"",,,
1648,emoji la pelicula (2017),https://t.me/c/2595202697/25493,"",,,
1649,mi villano favorito 3 (2017),https://t.me/c/2595202697/25497,"",,,
1650,"junto con los dioses, los dos mundos(신과함께-죄와 벌) (2017)",https://t.me/c/2595202697/25501,"",,,
1651,un principe de navidad (2017),https://t.me/c/2595202697/25505,"",,,
1652,kingsman el circulo de oro (2017),https://t.me/c/2595202697/25509,"",,,
1653,boo 2! a madea halloween (2017),https://t.me/c/2595202697/25513,"",,,
1654,skinford sentencia de muerte (2017)(castellano),https://t.me/c/2595202697/25517,"",,,
1655,"3 idiotas (2017)",https://t.me/c/2595202697/25521,"",,,
1656,los adioses (2017),https://t.me/c/2595202697/25525,"",,,
1657,zona mortal (2017),https://t.me/c/2595202697/25529,"",,,
1658,invasion 5 traidor de marte (2017),https://t.me/c/2595202697/25533,"",,,
1659,baby el aprendiz del crimen (2017),https://t.me/c/2595202697/25537,"",,,
1660,kung fu yoga (2017),https://t.me/c/2595202697/25541,"",,,
1661,thor ragnarok (2017),https://t.me/c/2595202697/25545,"",,,
1662,la masacre de texas  el origen de leatherface (2017),https://t.me/c/2595202697/25549,"",,,
1663,belzebuth (2017),https://t.me/c/2595202697/25553,"",,,
1664,"3 cosas (2017)",https://t.me/c/2595202697/25557,"",,,
1665,un jefe en pañales (2017),https://t.me/c/2595202697/25561,"",,,
1666,jeepers creepers 3: el regreso del demonio (2017),https://t.me/c/2595202697/25565,"",,,
1667,transformers 5 el ultimo caballero (2017),https://t.me/c/2595202697/25569,"",,,
1668,fullmetal alchemist (2017),https://t.me/c/2595202697/25573,"",,,
1669,windstorm 3 (2017)subtitulado,https://t.me/c/2595202697/25577,"",,,
1670,amar (2017),https://t.me/c/2595202697/25581,"",,,
1671,el abuelo espia (2017),https://t.me/c/2595202697/25585,"",,,
1672,wu kong contra la ira de los dioses (2017),https://t.me/c/2595202697/25589,"",,,
1673,geo-tormenta (2017),https://t.me/c/2595202697/25593,"",,,
1675,el dia del fin del mundo (2020),https://t.me/c/2595202697/25602,"",,,
1676,south park especial de pandemia(2020),https://t.me/c/2595202697/25606,"",,,
1678,el juego de la bruja (2020),https://t.me/c/2595202697/25614,"",,,
1679,presencias del mal (2020),https://t.me/c/2595202697/25622,"",,,
1681,sueños s.a. (2020),https://t.me/c/2595202697/25630,"",,,
1682,amenaza en lo profundo (2020),https://t.me/c/2595202697/25634,"",,,
1686,los nuevos mutantes (2020),https://t.me/c/2595202697/25650,"",,,
1689,mientras estes conmigo (2020),https://t.me/c/2595202697/25659,"",,,
1690,las brujas (2020),https://t.me/c/2595202697/25663,"",,,
1691,amuleto (2020),https://t.me/c/2595202697/25667,"",,,
1693,bad nun deadly vows (2020),https://t.me/c/2595202697/25675,"",,,
1694,guardianes del tiempo (2020),https://t.me/c/2595202697/25679,"",,,
1695,most dangerous game (2020),https://t.me/c/2595202697/25683,"",,,
1696,los chicos de la banda(2020),https://t.me/c/2595202697/25687,"",,,
1697,muerte subita (2020),https://t.me/c/2595202697/25691,"",,,
1677,el stand de los besos 2 (2020),https://t.me/c/2595202697/25610,"",Stand,,
1674,el francotirador la ultima masacre (2017),https://t.me/c/2595202697/25597,"",Sniper,,
1620,kong la isla calavera (2017),https://t.me/c/2595202697/25381,"",kong,,
1622,asesinato en el expreso de oriente (2017),https://t.me/c/2595202697/25389,"",poirot,,
1623,mujer maravilla (2017),https://t.me/c/2595202697/25393,"",maravilla,,
1680,bad boys para siempre (2020),https://t.me/c/2595202697/25626,"",boys,,
1624,la princesa encantada aventura encubierta (2017),https://t.me/c/2595202697/25397,"",princesa,,
1625,rapidos y furiosos 8 (2017),https://t.me/c/2595202697/25401,"",furioso,,
1628,terror a 47 metros (2017),https://t.me/c/2595202697/25413,"","47m",,
1685,mision de rescate (2020),https://t.me/c/2595202697/25646,"",rescate,,
1684,ricos de amor (2020),https://t.me/c/2595202697/25642,"",rico,,
1634,guardianes de la galaxia 2 (2017),https://t.me/c/2595202697/25437,"",guardianes,,
1635,john wick 2: un nuevo día para matar (2017),https://t.me/c/2595202697/25441,"",wick,,
1638,alien: covenant (2017),https://t.me/c/2595202697/25453,"",prometeo,,
1687,agatha and the midnight murders (2020)(castellano),https://t.me/c/2595202697/25654,"",agatha,,
1639,resident evil venganza (2017),https://t.me/c/2595202697/25457,"",resident,,
1640,cincuenta sombras mas oscuras(2017)(version sin censura),https://t.me/c/2595202697/25461,"",sombras,,
1692,jovenes brujas la nueva hermandad (2020),https://t.me/c/2595202697/25671,"",jovenesb,,
1643,el aro 3 (2017),https://t.me/c/2595202697/25473,"",elaro,,
1644,el planeta de los simios 3: la guerra (2017),https://t.me/c/2595202697/25477,"",planetao,,
1698,ahi te encargo (2020),https://t.me/c/2595202697/25695,"",,,
1699,clouds (2020,https://t.me/c/2595202697/25699,"",,,
1700,grandes espias (2020),https://t.me/c/2595202697/25702,"",,,
1701,vampiros vs. el bronx (2020),https://t.me/c/2595202697/25706,"",,,
1702,el vinculo (2020),https://t.me/c/2595202697/25710,"",,,
1703,"feliz halloween, scooby doo! (2020)(animacion)",https://t.me/c/2595202697/25714,"",,,
1704,"phineas y ferb, la película candace contra el universo (2020)",https://t.me/c/2595202697/25718,"",,,
1705,rapera a los 40 (2020),https://t.me/c/2595202697/25722,"",,,
1706,"30 dias (2020)",https://t.me/c/2595202697/25726,"",,,
1707,la otra missy (2020),https://t.me/c/2595202697/25730,"",,,
1708,sentimental (2020)(castellano),https://t.me/c/2595202697/25734,"",,,
1709,bala perdida (2020),https://t.me/c/2595202697/25738,"",,,
1710,trolls 2 gira mundial (2020),https://t.me/c/2595202697/25742,"",,,
1711,la vieja guardia (2020),https://t.me/c/2595202697/25746,"",,,
1712,sputnik extraño pasajero (2020),https://t.me/c/2595202697/25750,"",,,
1713,jinetes de la justicia (2020),https://t.me/c/2595202697/25754,"",,,
1714,una navidad cubierta de chocolate (2020),https://t.me/c/2595202697/25758,"",,,
1715,la ultima linea de defensa (2020),https://t.me/c/2595202697/25762,"",,,
1716,zombies 2(z-o-m-b-i-e-s 2) (2020),https://t.me/c/2595202697/25766,"",,,
1717,"15 asesinatos (2020)",https://t.me/c/2595202697/25770,"",,,
1718,la venganza (2020),https://t.me/c/2595202697/25774,"",,,
1719,guia de una niñera para cazar monstruos (2020),https://t.me/c/2595202697/25778,"",,,
1720,angeles caidos (2020),https://t.me/c/2595202697/25782,"",,,
1721,estacion zombie 2 peninsula (2020),https://t.me/c/2595202697/25786,"",,,
1722,maldito 2 el ritual (2020),https://t.me/c/2595202697/25790,"",,,
1723,codigo alfa (2020),https://t.me/c/2595202697/25794,"",,,
1724,superheroicos (2020),https://t.me/c/2595202697/25798,"",,,
1725,el ritmo de la venganza (2020),https://t.me/c/2595202697/25801,"",,,
1726,las nueve vidas de ozzy osbourne (documental)(2020),https://t.me/c/2595202697/25805,"",,,
1727,tenet (2020),https://t.me/c/2595202697/25809,"",,,
1728,el juego de la bruja (2020),https://t.me/c/2595202697/25813,"",,,
1729,venganza (2020),https://t.me/c/2595202697/25817,"",,,
1730,"365 dias (2020)",https://t.me/c/2595202697/25821,"",,,
1731,patines de plata (2020),https://t.me/c/2595202697/25825,"",,,
1732,the binge (2020)sub,https://t.me/c/2595202697/25829,"",,,
1733,bob esponja al rescate (2020),https://t.me/c/2595202697/25833,"",,,
1734,american pie las chicas mandan(2020),https://t.me/c/2595202697/25837,"",,,
1735,alerta en lo profundo 3 (2020),https://t.me/c/2595202697/25841,"",,,
1736,"10 cosas que hacer antes de dejarte (2020)",https://t.me/c/2595202697/25845,"",,,
1737,"2067 (2020)",https://t.me/c/2595202697/25849,"",,,
1738,los trapos sucios se lavan en casa(2020),https://t.me/c/2595202697/25853,"",,,
1739,mortal kombat leyendas la venganza de scorpion (2020),https://t.me/c/2595202697/25857,"",,,
1741,mafia s.a. (2020),https://t.me/c/2595202697/25865,"",,,
1742,la aldea de los aullidos(2020),https://t.me/c/2595202697/25869,"",,,
1743,manual de la buena esposa (2020),https://t.me/c/2595202697/25873,"",,,
1744,el recolector (2020),https://t.me/c/2595202697/25877,"",,,
1745,en guerra con mi abuelo (2020),https://t.me/c/2595202697/25881,"",,,
1746,#vivo (2020),https://t.me/c/2595202697/25885,"",,,
1747,palm springs (2020),https://t.me/c/2595202697/25889,"",,,
1749,la posesion(2022),https://t.me/c/2595202697/25898,"",,,
1750,franco escamilla voyerista auditivo (2022),https://t.me/c/2595202697/25902,"",,,
1751,wwe clash at the castle 2022 (2022),https://t.me/c/2595202697/25906,"",,,
1752,south park las guerras de streaming (2022),https://t.me/c/2595202697/25910,"",,,
1753,south park las guerras de streaming parte 2 (2022),https://t.me/c/2595202697/25911,"",,,
1754,south park las guerras de streaming (2022),https://t.me/c/2595202697/25915,"",,,
1755,atrapad a sombra(2022)(cast),https://t.me/c/2595202697/25919,"",,,
1757,la guerrera china (2022),https://t.me/c/2595202697/25927,"",,,
1758,el lado oscuro de la luna(2022),https://t.me/c/2595202697/25931,"",,,
1759,los tigres del norte historias que contar (2022),https://t.me/c/2595202697/25935,"",,,
1760,elvis (2022),https://t.me/c/2595202697/25939,"",,,
1761,padre en accion(2022),https://t.me/c/2595202697/25943,"",,,
1762,el salvador de almas (2022),https://t.me/c/2595202697/25947,"",,,
1763,los cuatro jinetes del apocalipsis(2022),https://t.me/c/2595202697/25951,"",,,
1764,cazados(2022),https://t.me/c/2595202697/25955,"",,,
1766,cuestion de honor(2022),https://t.me/c/2595202697/25963,"",,,
1767,top gunner zona de peligro(2022),https://t.me/c/2595202697/25967,"",,,
1768,un embarazo deseado (2022),https://t.me/c/2595202697/25971,"",,,
1769,la llorona (2022),https://t.me/c/2595202697/25975,"",,,
1770,mi novia favorita (2022),https://t.me/c/2595202697/25979,"",,,
1771,avalancha de amor (2022),https://t.me/c/2595202697/25983,"",,,
1772,rodeo (2022)(castellano),https://t.me/c/2595202697/25987,"",,,
1775,scream 5 (grita) (2022),https://t.me/c/2595202697/25999,"",,,
1777,gigi y nate (2022),https://t.me/c/2595202697/26007,"",,,
1778,siempre fiel (2022),https://t.me/c/2595202697/26011,"",,,
1779,play dead: escapar o morir (2022),https://t.me/c/2595202697/26015,"",,,
1780,la maldicion de savannah(2022),https://t.me/c/2595202697/26019,"",,,
1781,los peores (2022)(castellano),https://t.me/c/2595202697/26023,"",,,
1756,un lugar seguro (2022),https://t.me/c/2595202697/25923,"",lugar,,
1765,muerte en el nilo (2022),https://t.me/c/2595202697/25959,"",poirot,,
1774,juego del amor el tiempo es ahora 2 (2023),https://t.me/c/2595202697/25995,"",time,,
1773,demasiado mayor para cuentos de hadas (2022),https://t.me/c/2595202697/25991,,mayor,,
1776,royalteen el heredero(2022),https://t.me/c/2595202697/26003,"",royalteen,,
1740,enola holmes (2020),https://t.me/c/2595202697/25861,"",enola,,
1782,jurassic domination (2022),https://t.me/c/2595202697/26027,"",,,
1785,fuerza bruta (2022),https://t.me/c/2595202697/26039,"",,,
1786,depredador la presa (2022),https://t.me/c/2595202697/26043,"",,,
1787,venganza por el pasado (2022),https://t.me/c/2595202697/26047,"",,,
1788,amor y preconcepto(2022),https://t.me/c/2595202697/26051,"",,,
1789,volkov – el nombre de la violencia(2022),https://t.me/c/2595202697/26055,"",,,
1790,de vuelta a casa(2022),https://t.me/c/2595202697/26059,"",,,
1791,el sexto hijo(2022)(castellano),https://t.me/c/2595202697/26063,"",,,
1792,el sexto hijo(2022)(subtitulado),https://t.me/c/2595202697/26064,"",,,
1793,shin ultraman (2022)latino!!,https://t.me/c/2595202697/26068,"",,,
1794,el susurro (2022),https://t.me/c/2595202697/26072,"",,,
1796,ositos asesinos (2022),https://t.me/c/2595202697/26080,"",,,
1797,renegados (2022),https://t.me/c/2595202697/26084,"",,,
1799,thor dios del trueno(2022),https://t.me/c/2595202697/26092,"",,,
1801,el espiritu de las tinieblas (2022),https://t.me/c/2595202697/26100,"",,,
1802,campo de batalla la caida del mundo(战地：异种浩劫)(2022),https://t.me/c/2595202697/26104,"",,,
1803,el monstruo guerrero (2022),https://t.me/c/2595202697/26108,"",,,
1804,la ciudad de la araña dorada(黄金蜘蛛城)(2022),https://t.me/c/2595202697/26112,"",,,
1805,operacion golpiza (特战行动队)(2022),https://t.me/c/2595202697/26116,"",,,
1806,pequeña flor (2022)(castellano),https://t.me/c/2595202697/26120,"",,,
1807,terremoto(shockwaves)(2022),https://t.me/c/2595202697/26124,"",,,
1808,se oyen las campanas (2022)(castellano),https://t.me/c/2595202697/26128,"",,,
1809,se oyen las campanas (2022)(subtitulado),https://t.me/c/2595202697/26129,"",,,
1811,codigo terror (2022),https://t.me/c/2595202697/26137,"",,,
1812,el niño delfin (2022)(castellano),https://t.me/c/2595202697/26141,"",,,
1813,un vecino gruñon (2022),https://t.me/c/2595202697/26145,"",,,
1814,criaturas reptantes (2022),https://t.me/c/2595202697/26149,"",,,
1815,victim(2022)(castellano),https://t.me/c/2595202697/26153,"",,,
1816,victim(2022)(subtitulado),https://t.me/c/2595202697/26154,"",,,
1817,"corre, tiger, corre! (小虎墩大英雄)(2022)(castellano)",https://t.me/c/2595202697/26158,"",,,
1818,"corre, tiger, corre! (小虎墩大英雄)(2022)(subtitulado)",https://t.me/c/2595202697/26159,"",,,
1819,ufo sweden cazadores de ovnis (2022)(castellano),https://t.me/c/2595202697/26163,"",,,
1820,ufo sweden cazadores de ovnis (2022)(subtitulado),https://t.me/c/2595202697/26164,"",,,
1821,charla nocturna(2022),https://t.me/c/2595202697/26168,"",,,
1822,rezar despues de leer (2022),https://t.me/c/2595202697/26172,"",,,
1823,quien mato a mi hijo (2022),https://t.me/c/2595202697/26176,"",,,
1824,el primado de polonia (2022)(castellano),https://t.me/c/2595202697/26180,"",,,
1825,la patinadora (2022),https://t.me/c/2595202697/26184,"",,,
1826,fuera de pista (2022),https://t.me/c/2595202697/26188,"",,,
1827,bala perdida 2 (2022),https://t.me/c/2595202697/26192,"",,,
1828,flechas de la venganza (2022),https://t.me/c/2595202697/26196,"",,,
1829,el ojo y el muro (2022),https://t.me/c/2595202697/26200,"",,,
1830,centauro (2022)(castellano),https://t.me/c/2595202697/26204,"",,,
1832,persecucion implacable (2022),https://t.me/c/2595202697/26212,"",,,
1833,tu navidad o la mia (2022),https://t.me/c/2595202697/26216,"",,,
1834,agentes 355 (2022),https://t.me/c/2595202697/26220,"",,,
1835,aguas profundas (2022),https://t.me/c/2595202697/26224,"",,,
1836,alice en busca de la verdad (2022),https://t.me/c/2595202697/26228,"",,,
1837,amigos vs. extraterrestres (2022),https://t.me/c/2595202697/26232,"",,,
1838,amor adulto (2022),https://t.me/c/2595202697/26236,"",,,
1839,amor artificial (เอไอหัวใจโอเวอร์โหลด)(2022),https://t.me/c/2595202697/26240,"",,,
1840,zombies 3 (z-o-m-b-i-e-s 3)(2022),https://t.me/c/2595202697/26244,"",,,
1841,como deshacerse de un cuerpo (2022),https://t.me/c/2595202697/26248,"",,,
1842,babylon (2022),https://t.me/c/2595202697/26252,"",,,
1843,el regreso a casa de madea (2022),https://t.me/c/2595202697/26256,"",,,
1844,la ultima caceria (2022),https://t.me/c/2595202697/26260,"",,,
1845,muerto por un dolar (2022),https://t.me/c/2595202697/26264,"",,,
1846,el misterio de ozarks (2022),https://t.me/c/2595202697/26268,"",,,
1847,m3gan (2022),https://t.me/c/2595202697/26272,"",,,
1848,jurassic world dominio(2022),https://t.me/c/2595202697/26276,"",,,
1849,vainilla (2022),https://t.me/c/2595202697/26280,"",,,
1850,cielo rojo (gigantes de metal) (2022),https://t.me/c/2595202697/26284,"",,,
1851,"lagunas, la guarida del diablo (castellano)(2022)",https://t.me/c/2595202697/26288,"",,,
1852,el grupo (2022),https://t.me/c/2595202697/26292,"",,,
1853,terror en el oceano (2022),https://t.me/c/2595202697/26296,"",,,
1854,dieta aterradora (2022),https://t.me/c/2595202697/26300,"",,,
1855,los tipos malos (2022),https://t.me/c/2595202697/26304,"",,,
1856,trol (2022),https://t.me/c/2595202697/26308,"",,,
1857,sisu (2022),https://t.me/c/2595202697/26312,"",,,
1858,el telefono negro (2022),https://t.me/c/2595202697/26316,"",,,
1859,glass onion un misterio de knives out (2022),https://t.me/c/2595202697/26320,"",,,
1860,furioza (2022),https://t.me/c/2595202697/26324,"",,,
1861,downton abbey una nueva era (2022),https://t.me/c/2595202697/26328,"",,,
1862,el violin de mi padre (2022),https://t.me/c/2595202697/26332,"",,,
1863,el sastre de la mafia (2022),https://t.me/c/2595202697/26336,"",,,
1864,peleando por mi vida (2022),https://t.me/c/2595202697/26340,"",,,
1783,a traves de mi ventana (2022),https://t.me/c/2595202697/26031,"",traves,,
1784,tacticas en el amor(2022),https://t.me/c/2595202697/26035,"",tacticas,,
1795,hawai en llamas (2022),https://t.me/c/2595202697/26076,"",asylum,,
1800,s.o.s. mamis la pelicula (2022),https://t.me/c/2595202697/26096,"",mamis,,
1810,jack en la caja maldita 2 el despertar (2022),https://t.me/c/2595202697/26133,"",jackc,,
1865,ambulance plan de huida (2022),https://t.me/c/2595202697/26344,"",,,
1866,el hombre de toronto (2022),https://t.me/c/2595202697/26348,"",,,
1867,la bestia (2022),https://t.me/c/2595202697/26352,"",,,
1868,top gun maverick (2022),https://t.me/c/2595202697/26356,"",,,
1869,nop (2022),https://t.me/c/2595202697/26360,"",,,
1870,borrego sal del camino (2022),https://t.me/c/2595202697/26364,"",,,
1871,el hombre del norte (2022),https://t.me/c/2595202697/26368,"",,,
1872,vertigo (2022),https://t.me/c/2595202697/26372,"",,,
1873,"13 vidas (thirteen lives) (2022)",https://t.me/c/2595202697/26376,"",,,
1874,"4 mitades(2022)",https://t.me/c/2595202697/26380,"",,,
1875,jeepers creepers la reencarnacion del demonio (2022),https://t.me/c/2595202697/26384,"",,,
1876,al viento (2022),https://t.me/c/2595202697/26388,"",,,
1877,battle estilo libre (2022),https://t.me/c/2595202697/26392,"",,,
1878,"cha cha real smooth, a bailar (2022)",https://t.me/c/2595202697/26396,"",,,
1879,conspiracion explosiva (2022),https://t.me/c/2595202697/26400,"",,,
1880,dog un viaje salvaje (2022),https://t.me/c/2595202697/26404,"",,,
1881,la huerfana el origen(2022),https://t.me/c/2595202697/26408,"",,,
1882,rise (2022),https://t.me/c/2595202697/26412,"",,,
1883,nemesis {samaritan} (2022),https://t.me/c/2595202697/26416,"",,,
1884,sueños de marte (2022),https://t.me/c/2595202697/26420,"",,,
1885,thor amor y trueno (2022),https://t.me/c/2595202697/26424,"",,,
1886,veneciafrenia (2022),https://t.me/c/2595202697/26428,"",,,
1887,venganza a golpes (2022),https://t.me/c/2595202697/26432,"",,,
1888,"365 dias aquel dia (2022)",https://t.me/c/2595202697/26436,"",,,
1889,"365 dias mas (2022)",https://t.me/c/2595202697/26440,"",,,
1890,amarrados al amor (2022),https://t.me/c/2595202697/26444,"",,,
1891,tren bala (2022),https://t.me/c/2595202697/26448,"",,,
1892,el camino a la libertad(2022),https://t.me/c/2595202697/26452,"",,,
1893,el cuartel secreto (2022),https://t.me/c/2595202697/26456,"",,,
1894,el milagro del padre stu(2022),https://t.me/c/2595202697/26460,"",,,
1895,el proyecto adam (2022),https://t.me/c/2595202697/26464,"",,,
1896,encerrada{alarido} (2022),https://t.me/c/2595202697/26468,"",,,
1897,fire island (2022),https://t.me/c/2595202697/26472,"",,,
1898,fresh (2022),https://t.me/c/2595202697/26476,"",,,
1899,harry potter 20 aniversario regreso a hogwarts (2022),https://t.me/c/2595202697/26480,"",,,
1900,interceptor (2022),https://t.me/c/2595202697/26484,"",,,
1901,kimi alguien esta escuchando (2022),https://t.me/c/2595202697/26488,"",,,
1902,la masacre de texas (2022),https://t.me/c/2595202697/26492,"",,,
1903,la memoria de un asesino (2022),https://t.me/c/2595202697/26496,"",,,
1904,metal lords (2022),https://t.me/c/2595202697/26500,"",,,
1905,moonfall (2022),https://t.me/c/2595202697/26504,"",,,
1906,morbius (2022),https://t.me/c/2595202697/26508,"",,,
1907,sin ti no puedo (2022),https://t.me/c/2595202697/26512,"",,,
1908,ardiente paciencia (2022),https://t.me/c/2595202697/26516,"",,,
1909,cangrejo negro (2022),https://t.me/c/2595202697/26520,"",,,
1910,dos contra el hielo (2022),https://t.me/c/2595202697/26524,"",,,
1911,el misterio de la tierra de los dulces (2022),https://t.me/c/2595202697/26528,"",,,
1912,el rescate de ruby (2022),https://t.me/c/2595202697/26532,"",,,
1913,emboscada (2022),https://t.me/c/2595202697/26536,"",,,
1914,gatubela acechada (2022),https://t.me/c/2595202697/26540,"",,,
1915,hawa (2022),https://t.me/c/2595202697/26544,"",,,
1916,emancipacion (2022),https://t.me/c/2595202697/26548,"",,,
1917,hoy se arregla el mundo (2022),https://t.me/c/2595202697/26552,"",,,
1918,desaparecido a medianoche (2022),https://t.me/c/2595202697/26556,"",,,
1919,jinetes desesperados (2022),https://t.me/c/2595202697/26560,"",,,
1920,jugar en casa (2022),https://t.me/c/2595202697/26564,"",,,
1921,matrimillas (2022),https://t.me/c/2595202697/26568,"",,,
1922,una noche descontrolada  tiempo de navidad (2022),https://t.me/c/2595202697/26572,"",,,
1923,una noche en el museo el regreso de kahmunrah (2022),https://t.me/c/2595202697/26576,"",,,
1924,la guerra del futuro (2022),https://t.me/c/2595202697/26580,"",,,
1925,un like de navidad (2022),https://t.me/c/2595202697/26584,"",,,
1926,las cronicas de washington (2022),https://t.me/c/2595202697/26588,"",,,
1927,una cuestion de fe (2022),https://t.me/c/2595202697/26592,"",,,
1928,invisibles-topside(2022),https://t.me/c/2595202697/26596,"",,,
1929,pinocho de guillermo del toro (2022),https://t.me/c/2595202697/26600,"",,,
1930,hellraiser (2022),https://t.me/c/2595202697/26604,"",,,
1931,pantera negra  wakanda por siempre (2022),https://t.me/c/2595202697/26608,"",,,
1932,black adam (2022),https://t.me/c/2595202697/26612,"",,,
1933,salva el teatro (2022),https://t.me/c/2595202697/26616,"",,,
1934,the batman (2022),https://t.me/c/2595202697/26620,"",,,
1935,una cita casi perfecta (2022),https://t.me/c/2595202697/26624,"",,,
1936,todavia creo en santa (2022),https://t.me/c/2595202697/26628,"",,,
1937,una noche oscura (2022),https://t.me/c/2595202697/26632,"",,,
1938,soltera al acecho{single black female} (2022),https://t.me/c/2595202697/26636,"",,,
1939,sin respiro (2022),https://t.me/c/2595202697/26640,"",,,
1940,sin salida (2022),https://t.me/c/2595202697/26644,"",,,
1941,mar de sangre (2022),https://t.me/c/2595202697/26648,"",,,
1942,seminario del mal (2022),https://t.me/c/2595202697/26652,"",,,
1943,salvaje es el viento (2022),https://t.me/c/2595202697/26656,"",,,
1944,rosalina (2022),https://t.me/c/2595202697/26660,"",,,
1945,robert downey sr. (2022),https://t.me/c/2595202697/26664,"",,,
1946,piratas el ultimo tesoro de la corona (2022),https://t.me/c/2595202697/26668,"",,,
1947,persecucion [pursuit] (2022),https://t.me/c/2595202697/26672,"",,,
1948,noche de sustos (2022),https://t.me/c/2595202697/26676,"",,,
1949,montana story (2022),https://t.me/c/2595202697/26680,"",,,
1950,monster high la pelicula (2022),https://t.me/c/2595202697/26684,"",,,
1951,mas barato por docena (2022),https://t.me/c/2595202697/26688,"",,,
1952,los fabelman (2022),https://t.me/c/2595202697/26692,"",,,
1953,los espiritus de la isla (2022),https://t.me/c/2595202697/26696,"",,,
1954,los 4 grandes (2022),https://t.me/c/2595202697/26700,"",,,
1955,la cena perfecta (2022),https://t.me/c/2595202697/26704,"",,,
1956,"lilo, lilo, cocodrilo (2022)",https://t.me/c/2595202697/26708,"",,,
1957,la maldicion de bridge hollow (2022),https://t.me/c/2595202697/26712,"",,,
1958,la luz del diablo (2022),https://t.me/c/2595202697/26716,"",,,
1959,la chica mas afortunada del mundo (2022),https://t.me/c/2595202697/26720,"",,,
1960,la abuela (2022),https://t.me/c/2595202697/26724,"",,,
1961,la escuela del bien y del mal (2022),https://t.me/c/2595202697/26728,"",,,
1962,invitacion al infierno{la invitacion} (2022),https://t.me/c/2595202697/26732,"",,,
1963,hasta los huesos (2022),https://t.me/c/2595202697/26736,"",,,
1964,halloween  la noche final (2022),https://t.me/c/2595202697/26740,"",,,
1965,frutos del viento (2022),https://t.me/c/2595202697/26744,"",,,
1966,frank y penelope hasta que la muerte nos separe (2022),https://t.me/c/2595202697/26748,"",,,
1967,ella dijo {she said}(2022),https://t.me/c/2595202697/26752,"",,,
1968,el extraño (2022),https://t.me/c/2595202697/26756,"",,,
1969,cerdita (2022),https://t.me/c/2595202697/26760,"",,,
1970,amnesico (2022),https://t.me/c/2595202697/26764,"",,,
1971,avatar  el camino del agua (2022),https://t.me/c/2595202697/26768,"",,,
1972,one piece film red (2022),https://t.me/c/2595202697/26772,"",,,
1973,la espada de los 47 ronin (2022),https://t.me/c/2595202697/26776,"",,,
1974,a ciegas (2022),https://t.me/c/2595202697/26780,"",,,
1975,un jefe en pañales  especial de navidad (2022),https://t.me/c/2595202697/26784,"",,,
1976,gato con botas  el ultimo deseo (2022),https://t.me/c/2595202697/26788,"",,,
1977,como una esposa (2022),https://t.me/c/2595202697/26792,"",,,
1978,super… quien? (2022),https://t.me/c/2595202697/26796,"",,,
1979,ruido de fondo (2022),https://t.me/c/2595202697/26800,"",,,
1980,observada tras la ventana (2022),https://t.me/c/2595202697/26804,"",,,
1981,un mundo extraño (2022),https://t.me/c/2595202697/26808,"",,,
1982,huevitos congelados (2022),https://t.me/c/2595202697/26812,"",,,
1983,dragon ball super super hero (2022),https://t.me/c/2595202697/26816,"",,,
1984,terrifier 2 el payaso siniestro (2022),https://t.me/c/2595202697/26820,"",,,
1985,sin novedad en el frente (2022),https://t.me/c/2595202697/26824,"",,,
1986,no estaras sola (2022),https://t.me/c/2595202697/26828,"",,,
1987,mexzombies (2022),https://t.me/c/2595202697/26832,"",,,
1988,sonrie (2022),https://t.me/c/2595202697/26836,"",,,
1989,matilda  el musical (2022),https://t.me/c/2595202697/26840,"",,,
1990,pinocho (2022),https://t.me/c/2595202697/26844,"",,,
1991,mortal kombat leyends frio y penumbra (2022),https://t.me/c/2595202697/26848,"",,,
1992,margaux (2022),https://t.me/c/2595202697/26852,"",,,
1993,mal de ojo (2022),https://t.me/c/2595202697/26856,"",,,
1994,nanny{la niñera} (2022),https://t.me/c/2595202697/26860,"",,,
1995,la mujer rey (2022),https://t.me/c/2595202697/26864,"",,,
1996,la madrastra (2022),https://t.me/c/2595202697/26868,"",,,
1997,hombre lobo por la noche (2022),https://t.me/c/2595202697/26872,"",,,
1998,el telefono del señor harrigan (2022),https://t.me/c/2595202697/26876,"",,,
1999,desconectados (2022),https://t.me/c/2595202697/26880,"",,,
2000,batman y superman la batalla de los super hijos (2022),https://t.me/c/2595202697/26884,"",,,
2001,escalera al infierno (2022),https://t.me/c/2595202697/26888,"",,,
2003,emergencia en el aire (2022),https://t.me/c/2595202697/26896,"",,,
2004,el meme maldito (2022),https://t.me/c/2595202697/26900,"",,,
2005,el angel de la muerte (2022),https://t.me/c/2595202697/26904,"",,,
2006,cria siniestra (2022),https://t.me/c/2595202697/26908,"",,,
2007,busco novia (2022),https://t.me/c/2595202697/26912,"",,,
2008,bros  mas que amigos (2022),https://t.me/c/2595202697/26916,"",,,
2009,black adam  ¿heroe o villano (2022),https://t.me/c/2595202697/26920,"",,,
2010,argentina 1985 (2022),https://t.me/c/2595202697/26924,"",,,
2011,el abismo del infierno (2022),https://t.me/c/2595202697/26928,"",,,
2012,fullmetal alchemist  la venganza de cicatriz (2022),https://t.me/c/2595202697/26932,"",,,
2013,fullmetal alchemist  la alquimia final (2022),https://t.me/c/2595202697/26936,"",,,
2014,algo de tiffany’s (something from tiffany’s) (2022),https://t.me/c/2595202697/26940,"",,,
2015,la aldea siniestra(2022),https://t.me/c/2595202697/26944,"",,,
2016,la hija eterna (2022),https://t.me/c/2595202697/26948,"",,,
2017,charlie un perro especial (2022),https://t.me/c/2595202697/26952,"",,,
2018,la grieta (the breach) (2022),https://t.me/c/2595202697/26956,"",,,
2019,la presentadora visiones diabolicas (2022),https://t.me/c/2595202697/26960,"",,,
2020,el sexto bus (2022),https://t.me/c/2595202697/26964,"",,,
2022,hart duro de entrenar (2023),https://t.me/c/2595202697/26973,"",,,
2023,ghosteado (2023),https://t.me/c/2595202697/26977,"",,,
2024,el halcon sed de venganza (2023),https://t.me/c/2595202697/26981,"",,,
2025,girl you know it's true (2023)(subtitulado),https://t.me/c/2595202697/26985,"",,,
2026,girl you know it's true (2023)(castellano),https://t.me/c/2595202697/26989,"",,,
2027,un cielo de plastico (2023)(castellano),https://t.me/c/2595202697/26993,"",,,
2028,red de venganza (2023),https://t.me/c/2595202697/26997,"",,,
2029,tiroteo en rio bravo (2023)(latino!),https://t.me/c/2595202697/27001,"",,,
2030,el ultimo objetivo (2023)(subtitulado),https://t.me/c/2595202697/27005,"",,,
2031,el ultimo objetivo (2023)(castellano),https://t.me/c/2595202697/27009,"",,,
2032,south park (no apto para menores) (2023),https://t.me/c/2595202697/27013,"",,,
2033,south park entrando al panderverso (2023),https://t.me/c/2595202697/27017,"",,,
2034,el cielo no puede esperar (2023),https://t.me/c/2595202697/27021,"",,,
2002,enola holmes 2 (2022),https://t.me/c/2595202697/26892,"",enola,,
2035,el caso goldman (2023)(cast),https://t.me/c/2595202697/27025,"",,,
2036,batalla aerea (2023),https://t.me/c/2595202697/27029,"",,,
2037,mi arma era la ley (2023),https://t.me/c/2595202697/27033,"",,,
2038,general hadik (2023),https://t.me/c/2595202697/27037,"",,,
2039,el juego de la bruja la ultima posesion (2023)(cast),https://t.me/c/2595202697/27041,"",,,
2040,merced (2023),https://t.me/c/2595202697/27045,"",,,
2041,garra de hierro (2023),https://t.me/c/2595202697/27049,"",,,
2042,kina & yuk renards de la banquise(2023)(documental),https://t.me/c/2595202697/27053,"",,,
2043,latido (2023),https://t.me/c/2595202697/27057,"",,,
2044,el podcast (2023),https://t.me/c/2595202697/27061,"",,,
2045,culpa y deseo(2023),https://t.me/c/2595202697/27065,"",,,
2046,birthrebirth (2023),https://t.me/c/2595202697/27069,"",,,
2047,organizacion monstruo (2023),https://t.me/c/2595202697/27073,"",,,
2048,americanish (2023),https://t.me/c/2595202697/27077,"",,,
2049,la otra cara de dorian (2023),https://t.me/c/2595202697/27081,"",,,
2050,noryang la batalla final (2023)(cast),https://t.me/c/2595202697/27085,"",,,
2051,familia nacional (2023),https://t.me/c/2595202697/27089,"",,,
2052,el bastardo (2023),https://t.me/c/2595202697/27093,"",,,
2053,el gran cambio (2023),https://t.me/c/2595202697/27097,"",,,
2055,una cuestion de honor (2023)(corregido latino!!!),https://t.me/c/2595202697/27105,"",,,
2056,patrick (2023)(castellano),https://t.me/c/2595202697/27109,"",,,
2057,las cuatro hijas (2023)(castellano),https://t.me/c/2595202697/27113,"",,,
2058,cachorros espaciales (2023),https://t.me/c/2595202697/27117,"",,,
2059,godzilla minus one (2023),https://t.me/c/2595202697/27121,"",,,
2060,escapar del paraiso(2023),https://t.me/c/2595202697/27125,"",,,
2061,"65 al borde de la extinción (2023)",https://t.me/c/2595202697/27129,"",,,
2062,adentro (2023),https://t.me/c/2595202697/27133,"",,,
2063,"ah, belinda (2023)",https://t.me/c/2595202697/27137,"",,,
2064,mision a marte (2023)(castellano),https://t.me/c/2595202697/27141,"",,,
2066,infelices para siempre (2023),https://t.me/c/2595202697/27149,"",,,
2067,como matar a tu marido(2023),https://t.me/c/2595202697/27153,"",,,
2068,turno maldito (2023),https://t.me/c/2595202697/27157,"",,,
2069,fuga de reinas (2023),https://t.me/c/2595202697/27161,"",,,
2070,hambre (2023),https://t.me/c/2595202697/27165,"",,,
2071,la niña de la comunion (2023),https://t.me/c/2595202697/27169,"",,,
2072,la resurreccion de la momia (2023),https://t.me/c/2595202697/27173,"",,,
2073,las momias y el anillo perdido (2023),https://t.me/c/2595202697/27177,"",,,
2074,los reyes de la calle mulberry ¡que reine el amor! (2023),https://t.me/c/2595202697/27181,"",,,
2075,love in harmony valley (2023),https://t.me/c/2595202697/27185,"",,,
2076,mi maestra se comio a mi amigo (2023),https://t.me/c/2595202697/27188,"",,,
2077,mientras haya esperanza(2023),https://t.me/c/2595202697/27192,"",,,
2078,super mario bros. la película (2023),https://t.me/c/2595202697/27196,"",,,
2079,munch (2023),https://t.me/c/2595202697/27200,"",,,
2080,pacto de graduacion,https://t.me/c/2595202697/27204,"",,,
2081,praise this (2023),https://t.me/c/2595202697/27208,"",,,
2082,siete reyes deben morir (2023),https://t.me/c/2595202697/27212,"",,,
2083,soy inocente (2023),https://t.me/c/2595202697/27216,"",,,
2084,tetris (2023),https://t.me/c/2595202697/27220,"",,,
2085,cazador de tormentas (2023),https://t.me/c/2595202697/27224,"",,,
2086,con la soga al cuello (2023),https://t.me/c/2595202697/27228,"",,,
2087,dieciocho otra vez (2023),https://t.me/c/2595202697/27232,"",,,
2088,guia de viaje hacia el amor (2023),https://t.me/c/2595202697/27236,"",,,
2089,liga de la justicia x rwby superhéroes y cazadores parte 1 (2023),https://t.me/c/2595202697/27240,"",,,
2090,liga de la justicia x rwby superheroes y cazadores parte 2 (2023),https://t.me/c/2595202697/27244,"",,,
2091,"mighty morphin power rangers ayer, hoy y siempre (2023)",https://t.me/c/2595202697/27248,"",,,
2092,quasi (2023),https://t.me/c/2595202697/27252,"",,,
2093,sin rastro (2023),https://t.me/c/2595202697/27256,"",,,
2094,viejos (2023),https://t.me/c/2595202697/27260,"",,,
2095,la revolucion de jesus (2023),https://t.me/c/2595202697/27264,"",,,
2096,alias (2023),https://t.me/c/2595202697/27268,"",,,
2097,peter pan y wendy (2023),https://t.me/c/2595202697/27272,"",,,
2098,scream 6 (2023),https://t.me/c/2595202697/27276,"",,,
2099,dos pecadoras y una mula (2023),https://t.me/c/2595202697/27280,"",,,
2100,el club de los asesinos (2023),https://t.me/c/2595202697/27284,"",,,
2101,quizas para siempre (2023),https://t.me/c/2595202697/27288,"",,,
2102,resurrecion de las brujas (2023),https://t.me/c/2595202697/27292,"",,,
2103,sin tiempo (2023),https://t.me/c/2595202697/27296,"",,,
2104,un fin de semana estupendo (2023)(castellano),https://t.me/c/2595202697/27300,"",,,
2105,calabozos & dragones honor entre ladrones (2023),https://t.me/c/2595202697/27304,"",,,
2106,battle for saipan (2023),https://t.me/c/2595202697/27308,"",,,
2107,los caballeros del zodiaco saint seiya - el inicio (2023),https://t.me/c/2595202697/27312,"",,,
2108,posesión infernal el despertar (2023),https://t.me/c/2595202697/27316,"",,,
2109,renfield asistente de vampiro (2023),https://t.me/c/2595202697/27320,"",,,
2110,el exorcista del papa (the pope’s exorcist) (2023),https://t.me/c/2595202697/27324,"",,,
2111,hasta la madre del día de las madres! (2023),https://t.me/c/2595202697/27328,"",,,
2112,el precio de la venganza (2023)(castellano),https://t.me/c/2595202697/27332,"",,,
2113,punch y judy (2023),https://t.me/c/2595202697/27336,"",,,
2114,quiero tu vida (2023),https://t.me/c/2595202697/27340,"",,,
2115,sustitutos (2023),https://t.me/c/2595202697/27344,"",,,
2116,uno para morir (2023),https://t.me/c/2595202697/27348,"",,,
2117,irati (2023),https://t.me/c/2595202697/27352,"",,,
2065,ant-man and the wasp quantumania (2023),https://t.me/c/2595202697/27145,"",ant,,
2118,bendita suegra (2023),https://t.me/c/2595202697/27356,"",,,
2119,sombras de un crimen (2023),https://t.me/c/2595202697/27360,"",,,
2120,¡que viva méxico! (2023),https://t.me/c/2595202697/27364,"",,,
2121,air la historia detras del logo (2023),https://t.me/c/2595202697/27368,"",,,
2122,crater un viaje inolvidable (2023),https://t.me/c/2595202697/27372,"",,,
2123,la madre (2023),https://t.me/c/2595202697/27376,"",,,
2125,el climax del millon la historia de pornhub (2023),https://t.me/c/2595202697/27384,"",,,
2126,sociedad perfecta (2023),https://t.me/c/2595202697/27388,"",,,
2127,fanfic (2023),https://t.me/c/2595202697/27392,"",,,
2128,los blancos no saben saltar (2023),https://t.me/c/2595202697/27396,"",,,
2129,la extorsion (2023),https://t.me/c/2595202697/27400,"",,,
2131,el puño del condor (2023),https://t.me/c/2595202697/27408,"",,,
2132,papa al rescate (2023),https://t.me/c/2595202697/27412,"",,,
2133,snag (2023),https://t.me/c/2595202697/27416,"",,,
2134,muchas mas hormigas entre las piernas (2023),https://t.me/c/2595202697/27420,"",,,
2137,nada que ver (2023),https://t.me/c/2595202697/27432,"",,,
2139,autosuficiencia (2023),https://t.me/c/2595202697/27440,"",,,
2140,el hombre del saco (2023),https://t.me/c/2595202697/27444,"",,,
2141,de caperucita a loba (2023),https://t.me/c/2595202697/27448,"",,,
2142,fuegos artificiales (2023)(castellano),https://t.me/c/2595202697/27452,"",,,
2143,doble amenaza(2023),https://t.me/c/2595202697/27456,"",,,
2144,joika una americana en el bolshoi(2023),https://t.me/c/2595202697/27460,"",,,
2145,rescate en amsterdam (2023),https://t.me/c/2595202697/27464,"",,,
2146,la leyenda del lobo de la montaña(2023),https://t.me/c/2595202697/27468,"",,,
2149,maravilloso desastre (2023),https://t.me/c/2595202697/27480,"",,,
2150,el ultimo vagon (2023),https://t.me/c/2595202697/27484,"",,,
2151,sangre y oro (2023),https://t.me/c/2595202697/27488,"",,,
2152,tin y tina (2023),https://t.me/c/2595202697/27492,"",,,
2153,reality (2023),https://t.me/c/2595202697/27496,"",,,
2154,amar es madurar (2023),https://t.me/c/2595202697/27500,"",,,
2155,amor a primer mensaje (2023),https://t.me/c/2595202697/27504,"",,,
2156,conexiones perdidas (2023),https://t.me/c/2595202697/27508,"",,,
2158,flamin' hot el sabor que cambio la historia (2023),https://t.me/c/2595202697/27516,"",,,
2159,muerte infinita (2023),https://t.me/c/2595202697/27520,"",,,
2160,la heredera de la mafia (mafia mamma) (2023),https://t.me/c/2595202697/27524,"",,,
2161,la sirenita(2023),https://t.me/c/2595202697/27528,"",,,
2162,las semanas magicas (2023),https://t.me/c/2595202697/27532,"",,,
2163,medellin (2023),https://t.me/c/2595202697/27536,"",,,
2164,mezclado por erry (2023),https://t.me/c/2595202697/27540,"",,,
2167,oppenheimer (2023),https://t.me/c/2595202697/27552,"",,,
2168,se tu misma (2023),https://t.me/c/2595202697/27556,"",,,
2169,taz y su odisea por las hamburguesas (2023),https://t.me/c/2595202697/27560,"",,,
2175,beau tiene miedo (2023),https://t.me/c/2595202697/27584,"",,,
2176,black clover la espada del rey mago (2023),https://t.me/c/2595202697/27588,"",,,
2177,chevalier pasion y libertad (2023),https://t.me/c/2595202697/27592,"",,,
2178,el club de mama (2023),https://t.me/c/2595202697/27596,"",,,
2179,el frío en los huesos (2023),https://t.me/c/2595202697/27600,"",,,
2180,el mejor del mundo (2023),https://t.me/c/2595202697/27604,"",,,
2181,el pueblo (2023),https://t.me/c/2595202697/27608,"",,,
2182,"huye, conejo, huye (2023)(castellano)",https://t.me/c/2595202697/27612,"",,,
2183,el pacto (the covenant) (2023),https://t.me/c/2595202697/27616,"",,,
2184,la combinacion perfecta (2023),https://t.me/c/2595202697/27620,"",,,
2185,maquillame otra vez (2023),https://t.me/c/2595202697/27624,"",,,
2186,number number el oro de johannesburgo (2023),https://t.me/c/2595202697/27628,"",,,
2187,una imagen para creer (2023),https://t.me/c/2595202697/27632,"",,,
2188,una vida maravillosa (2023),https://t.me/c/2595202697/27636,"",,,
2189,big george foreman(2023),https://t.me/c/2595202697/27640,"",,,
2190,bukraken (2023)(castellano),https://t.me/c/2595202697/27644,"",,,
2192,blondi (2023),https://t.me/c/2595202697/27652,"",,,
2193,cash (2023),https://t.me/c/2595202697/27656,"",,,
2194,de vuelta al deseo (2023),https://t.me/c/2595202697/27660,"",,,
2195,el lobo de wall street (2013),https://t.me/c/2595202697/27664,"",,,
2196,un lugar por el que luchar (2023),https://t.me/c/2595202697/27668,"",,,
2197,los iniciados (2023),https://t.me/c/2595202697/27672,"",,,
2198,blue jean (2023)(castellano),https://t.me/c/2595202697/27676,"",,,
2199,el caftan azul (2023)(castellano),https://t.me/c/2595202697/27680,"",,,
2200,"estas ahi dios soy yo, margarita (2023)",https://t.me/c/2595202697/27684,"",,,
2201,la conspiracion del diablo (2023)(castellano),https://t.me/c/2595202697/27688,"",,,
2130,asterix y obelix y el reino medio (2023),https://t.me/c/2595202697/27404,"",obelix,,
2135,la princesa cisne ha nacido un cuento de hadas (2023),https://t.me/c/2595202697/27424,"",princesa,,
2138,rapidos y furiosos x (2023),https://t.me/c/2595202697/27436,"",furioso,,
2147,los tres mosqueteros d'artagnan (2023),https://t.me/c/2595202697/27472,"",mosqueteros,,
2166,a traves del mar (2023),https://t.me/c/2595202697/27548,"",traves,,
2165,ricos de amor 2 (2023),https://t.me/c/2595202697/27544,"",rico,,
2170,mision de rescate 2 (2023)(audio hibrido),https://t.me/c/2595202697/27564,"",rescate,,
2171,un año inolvidable  verano (2023),https://t.me/c/2595202697/27568,"",año,,
2172,un año inolvidable otoño (2023),https://t.me/c/2595202697/27572,"",año,,
2173,un año inolvidable invierno (2023),https://t.me/c/2595202697/27576,"",año,,
2174,un año inolvidable primavera (2023),https://t.me/c/2595202697/27580,"",año,,
2191,guardianes de la galaxia volumen 3 (2023),https://t.me/c/2595202697/27648,"",guardianes,,
2157,culpa mia (2023),https://t.me/c/2595202697/27512,"",cupamia,,
2202,mari(dos) (2023)(castellano idioma original),https://t.me/c/2595202697/27692,"",,,
2203,robots (2023)(castellano),https://t.me/c/2595202697/27696,"",,,
2204,temporadas(2023),https://t.me/c/2595202697/27700,"",,,
2205,todo sobre mi padre (2023),https://t.me/c/2595202697/27704,"",,,
2206,el sr. carrito y los caballeros templarios (2023),https://t.me/c/2595202697/27708,"",,,
2207,unos suegros de armas tomar (2023),https://t.me/c/2595202697/27712,"",,,
2208,asteroid city (2023),https://t.me/c/2595202697/27716,"",,,
2209,y que tendra que ver el amor (2023),https://t.me/c/2595202697/27720,"",,,
2210,en tierra de santos y pecadores (2023),https://t.me/c/2595202697/27724,"",,,
2211,slasher (2023)(castellano),https://t.me/c/2595202697/27728,"",,,
2212,sisi y yo (2023)(castellano),https://t.me/c/2595202697/27732,"",,,
2213,el deshielo (2023)(castellano),https://t.me/c/2595202697/27736,"",,,
2214,boksoon debe morir(2023),https://t.me/c/2595202697/27740,"",,,
2215,chupa (2023),https://t.me/c/2595202697/27744,"",,,
2216,disquiet (2023),https://t.me/c/2595202697/27748,"",,,
2217,fenomenas (2023),https://t.me/c/2595202697/27752,"",,,
2219,amigos hasta la muerte (2023)(castellano),https://t.me/c/2595202697/27760,"",,,
2221,flash (2023),https://t.me/c/2595202697/27768,"",,,
2222,demonio negro (2023),https://t.me/c/2595202697/27772,"",,,
2223,krakens y sirenas conoce a los gillman (2023),https://t.me/c/2595202697/27776,"",,,
2226,scarlet (2023),https://t.me/c/2595202697/27788,"",,,
2227,por amor al money (2023),https://t.me/c/2595202697/27792,"",,,
2229,"me miente, me engaña (2023)",https://t.me/c/2595202697/27800,"",,,
2230,la hija de la novia (2023),https://t.me/c/2595202697/27804,"",,,
2231,misantropo (2023),https://t.me/c/2595202697/27808,"",,,
2232,diario de un viaje inesperado (2023),https://t.me/c/2595202697/27812,"",,,
2233,los habitantes (2023),https://t.me/c/2595202697/27816,"",,,
2234,los (casi) idolos de bahia colorada (2023),https://t.me/c/2595202697/27820,"",,,
2235,transformers el despertar de las bestias (2023),https://t.me/c/2595202697/27824,"",,,
2236,drama total la guarderia un especial muy especial que es bastante especial(2023),https://t.me/c/2595202697/27828,"",,,
2237,el reino secreto (2023)(castellano),https://t.me/c/2595202697/27832,"",,,
2238,empieza el baile (2023),https://t.me/c/2595202697/27836,"",,,
2239,la inspiracion mas profunda (2023),https://t.me/c/2595202697/27840,"",,,
2240,asesinato ¿qué asesinato (2023),https://t.me/c/2595202697/27844,"",,,
2241,gringa(2023),https://t.me/c/2595202697/27848,"",,,
2243,cuando termines de salvar el mundo (2023),https://t.me/c/2595202697/27856,"",,,
2244,dime lo que quieres (de verdad) (2023),https://t.me/c/2595202697/27860,"",,,
2245,el clon de tyrone (2023),https://t.me/c/2595202697/27864,"",,,
2246,invencible un episodio especial de atom eve(2023),https://t.me/c/2595202697/27868,"",,,
2247,la fiebre de los peluches beanie (2023),https://t.me/c/2595202697/27872,"",,,
2248,la paradoja de antares (2023),https://t.me/c/2595202697/27876,"",,,
2249,loli tormenta (2023),https://t.me/c/2595202697/27880,"",,,
2250,los dos amores de mi vida (2023),https://t.me/c/2595202697/27884,"",,,
2251,mr-9 mision mortal (2023),https://t.me/c/2595202697/27888,"",,,
2252,blood and snow (2023)(castellano),https://t.me/c/2595202697/27892,"",,,
2253,mutt (2023)(castellano),https://t.me/c/2595202697/27896,"",,,
2256,invitacion a un asesinato (2023)(castellano),https://t.me/c/2595202697/27908,"",,,
2257,invitacion a un asesinato (subtitulado)(2023),https://t.me/c/2595202697/27909,"",,,
2258,invitacion a un asesinato(2023),https://t.me/c/2595202697/27913,"",,,
2259,thi yot - susurros mortales (death whisperer )(2023),https://t.me/c/2595202697/27917,"",,,
2261,testament (2023)(castellano),https://t.me/c/2595202697/27925,"",,,
2262,testament (2023)(subtitulado),https://t.me/c/2595202697/27926,"",,,
2263,"zodi y tehu, aventuras en el desierto (2023)(castellano)",https://t.me/c/2595202697/27930,"",,,
2264,una buena persona (2023),https://t.me/c/2595202697/27934,"",,,
2265,un sueño (2023),https://t.me/c/2595202697/27938,"",,,
2266,sueños y pan (2023)(castellano idioma original),https://t.me/c/2595202697/27942,"",,,
2267,paradise (2023),https://t.me/c/2595202697/27946,"",,,
2268,oppenheimer el dilema de la bomba atomica (2023),https://t.me/c/2595202697/27950,"",,,
2269,felicidad para principiantes (2023),https://t.me/c/2595202697/27954,"",,,
2270,fatum (2023)(castellano),https://t.me/c/2595202697/27958,"",,,
2271,shooting stars (2023),https://t.me/c/2595202697/27962,"",,,
2275,quieres ser mi  hijo (2023),https://t.me/c/2595202697/27978,"",,,
2276,todo el silencio (2023),https://t.me/c/2595202697/27982,"",,,
2277,burga (2023)(castellano),https://t.me/c/2595202697/27986,"",,,
2278,mala conducta (2023)(castellano),https://t.me/c/2595202697/27990,"",,,
2279,mala conducta (2023)(subtitulado),https://t.me/c/2595202697/27991,"",,,
2280,horror park (2023)(castellano),https://t.me/c/2595202697/27995,"",,,
2281,horror park (2023)(subtitulado),https://t.me/c/2595202697/27996,"",,,
2282,cenizas en el cielo (2023)(castellano),https://t.me/c/2595202697/28000,"",,,
2220,la leyenda de los chaneques (2023),https://t.me/c/2595202697/27764,"",leyenda,,
2224,bird box barcelona (2023)(castellano idioma original),https://t.me/c/2595202697/27780,"",bird,,
2225,tacticas de amor 2 (2023),https://t.me/c/2595202697/27784,"",tacticas,,
2228,creed iii (2023),https://t.me/c/2595202697/27796,"",creed,,
2242,cuando ellas quieren mas (2023),https://t.me/c/2595202697/27852,"",quieren,,
2255,aquaman y el reino perdido (2023)(se mejoro la calidad),https://t.me/c/2595202697/27904,"",aquaman,,
2260,el beso del demonio (2023),https://t.me/c/2595202697/27921,"",kiss,,
2272,resident evil isla de la muerte (2023),https://t.me/c/2595202697/27966,"",resident,,
2273,el justiciero capitulo final (2023),https://t.me/c/2595202697/27970,"",justiciero,,
2274,megalodon 2 el gran abismo (2023),https://t.me/c/2595202697/27974,"",megalodon,,
2283,cenizas en el cielo (2023)(subtitulado),https://t.me/c/2595202697/28001,"",,,
2284,detras de la verdad (2023)(castellano),https://t.me/c/2595202697/28005,"",,,
2285,detras de la verdad (2023)(subtitulado),https://t.me/c/2595202697/28006,"",,,
2286,cuando frank conocio a carlitos (2023),https://t.me/c/2595202697/28010,"",,,
2287,el club de los lectores criminales (2023)(castellano idioma original),https://t.me/c/2595202697/28014,"",,,
2288,el extraño caso del fantasma claustrofobico (2023),https://t.me/c/2595202697/28018,"",,,
2289,un extraño entre nosotras (2023),https://t.me/c/2595202697/28022,"",,,
2291,alguien que cuide de mí (2023)(castellano audio original),https://t.me/c/2595202697/28030,"",,,
2292,agente stone (2023),https://t.me/c/2595202697/28034,"",,,
2293,abusamos del alcohol (2023),https://t.me/c/2595202697/28038,"",,,
2297,dracula mar de sangre (2023),https://t.me/c/2595202697/28054,"",,,
2298,"amor, sexo y 30 velitas (2023)",https://t.me/c/2595202697/28058,"",,,
2299,atrapaalmas (2023),https://t.me/c/2595202697/28062,"",,,
2300,emboscada (2023),https://t.me/c/2595202697/28066,"",,,
2301,sulis 1907 (2023)(castellano),https://t.me/c/2595202697/28070,"",,,
2302,sulis 1907 (2023)(subtitulado),https://t.me/c/2595202697/28071,"",,,
2304,aracnidos (2023)latino,https://t.me/c/2595202697/28078,"",,,
2305,la barbie negra (2023),https://t.me/c/2595202697/28083,"",,,
2306,mamantula (2023)(castellano),https://t.me/c/2595202697/28087,"",,,
2307,el final que quiero (2023),https://t.me/c/2595202697/28091,"",,,
2308,el pico del diablo (2023),https://t.me/c/2595202697/28095,"",,,
2309,el rey mono (2023),https://t.me/c/2595202697/28099,"",,,
2310,el rio bravo (2023),https://t.me/c/2595202697/28103,"",,,
2311,el robo de mil millones de dolares (2023)(castellano),https://t.me/c/2595202697/28107,"",,,
2312,elementos (2023),https://t.me/c/2595202697/28111,"",,,
2314,destino londres (2023),https://t.me/c/2595202697/28119,"",,,
2315,blanquita (2023),https://t.me/c/2595202697/28123,"",,,
2316,el niño y la garza (2023)(corregido),https://t.me/c/2595202697/28127,"",,,
2317,the flood (2023)(castellano),https://t.me/c/2595202697/28131,"",,,
2318,the flood (2023)(subtitulado),https://t.me/c/2595202697/28132,"",,,
2319,dicks el musical (2023)(castellano),https://t.me/c/2595202697/28136,"",,,
2320,dicks el musical (2023)(subtitulado),https://t.me/c/2595202697/28137,"",,,
2321,hachiko 2 siempre a tu lado (2023),https://t.me/c/2595202697/28141,"",,,
2325,boogeyman tu miedo es real (2023),https://t.me/c/2595202697/28157,"",,,
2326,instituto fraude: el escandalo de bishop sycamore (2023)(castellano),https://t.me/c/2595202697/28161,"",,,
2327,encuentro con la verdad (2023),https://t.me/c/2595202697/28165,"",,,
2328,frente a frente (2023),https://t.me/c/2595202697/28169,"",,,
2329,hazme el favor (2023),https://t.me/c/2595202697/28173,"",,,
2330,los tres mosqueteros (2023),https://t.me/c/2595202697/28177,"",,,
2331,accion rapida(极速保镖)(2023),https://t.me/c/2595202697/28181,"",,,
2332,evie el demonio entre nosotros(2023),https://t.me/c/2595202697/28185,"",,,
2333,fuerza extrema(除恶：飞车党)(2023),https://t.me/c/2595202697/28189,"",,,
2334,hotel serpiente (2023),https://t.me/c/2595202697/28193,"",,,
2335,monstruo de las profundidades (地底怪物)(2023),https://t.me/c/2595202697/28197,"",,,
2336,ruta sin salida (2023),https://t.me/c/2595202697/28201,"",,,
2337,the primevals (2023)(castellano),https://t.me/c/2595202697/28205,"",,,
2338,the primevals (2023)(subtitulado),https://t.me/c/2595202697/28206,"",,,
2339,de vuelta al crimen (2023),https://t.me/c/2595202697/28210,"",,,
2340,anticristo el exorcismo de lara (2023),https://t.me/c/2595202697/28214,"",,,
2341,raging grace (2023)(castellano),https://t.me/c/2595202697/28218,"",,,
2342,raging grace (2023)(subtitulado),https://t.me/c/2595202697/28219,"",,,
2343,"de repente, solos (2023)(castellano)",https://t.me/c/2595202697/28223,"",,,
2344,"de repente, solos (2023)(subtitulado)",https://t.me/c/2595202697/28224,"",,,
2345,la ambicion de los hombres (2023),https://t.me/c/2595202697/28228,"",,,
2346,el imaginario (屋根裏のラジャー)(2023),https://t.me/c/2595202697/28232,"",,,
2347,casando a mi ex (2023),https://t.me/c/2595202697/28236,"",,,
2348,hombres hay muchos(2023),https://t.me/c/2595202697/28240,"",,,
2350,jagun jagun (2023),https://t.me/c/2595202697/28248,"",,,
2351,la gran seduccion (2023),https://t.me/c/2595202697/28252,"",,,
2352,la lista (2023),https://t.me/c/2595202697/28256,"",,,
2353,volver a empezar (2023),https://t.me/c/2595202697/28260,"",,,
2354,metal monsters el redentor justiciero(2023)(castellano),https://t.me/c/2595202697/28264,"",,,
2355,metalocalypse el ejercito de la estrella del mal(2023),https://t.me/c/2595202697/28268,"",,,
2356,mi crimen (2023)(castellano),https://t.me/c/2595202697/28272,"",,,
2357,nato 0. el origen del mal (2023)(castellano idioma original),https://t.me/c/2595202697/28276,"",,,
2358,no estas invitada a mi bat mitzvah! (2023),https://t.me/c/2595202697/28280,"",,,
2359,mision imposible - sentencia mortal parte uno (2023),https://t.me/c/2595202697/28284,"",,,
2360,fremont (2023)(castellano),https://t.me/c/2595202697/28288,"",,,
2361,hotel royal (2023),https://t.me/c/2595202697/28292,"",,,
2290,amigos de las vacaciones 2(2023),https://t.me/c/2595202697/28026,"",vacaciones,,
2295,"10 dias de un mal hombre (2023)",https://t.me/c/2595202697/28046,"","10dias",,
2296,indiana jones y el dial del destino(2023),https://t.me/c/2595202697/28050,"",indiana,,
2303,apocalipsis el despertar del anticristo (2023),https://t.me/c/2595202697/28075,"",Behind,,
2313,la noche del demonio la puerta roja (2023),https://t.me/c/2595202697/28115,"",demonio1,,
2323,tempestad de hielo (ice storm)(2023),https://t.me/c/2595202697/28149,"",asylum,,
2324,s.o.s mamis 2 mosquita muerta (2023),https://t.me/c/2595202697/28153,"",mamis,,
2349,Intoxicacion La cruda verdad sobre nuestra comida (2023)-Documental,https://t.me/c/2595202697/28244,"",,,
2362,como tener sexo (2023)(castellano),https://t.me/c/2595202697/28296,"",,,
2363,animalia (2023)(castellano),https://t.me/c/2595202697/28300,"",,,
2365,la guerra de los mundos el ataque (2023)latino corregido,https://t.me/c/2595202697/28308,"",,,
2366,alicia en el pais de las pesadillas (2023),https://t.me/c/2595202697/28312,"",,,
2367,cazadores de fantasmas(2023),https://t.me/c/2595202697/28316,"",,,
2368,el niño del bosque (2023),https://t.me/c/2595202697/28320,"",,,
2369,amor en taipei (2023),https://t.me/c/2595202697/28324,"",,,
2370,bob esponja presenta la marea desconocida (2023)(animacion),https://t.me/c/2595202697/28328,"",,,
2371,casi muerta (2023),https://t.me/c/2595202697/28332,"",,,
2372,"97 minutos (2023)(castellano)",https://t.me/c/2595202697/28336,"",,,
2373,paint (2023),https://t.me/c/2595202697/28340,"",,,
2374,por una mujer casada(2023),https://t.me/c/2595202697/28344,"",,,
2375,"ready, jet, go! campamento espacial la pelicula (2023)",https://t.me/c/2595202697/28348,"",,,
2376,sed incontrolable(blood)(2023),https://t.me/c/2595202697/28352,"",,,
2377,ella salio del bosque (2023)(castellano),https://t.me/c/2595202697/28356,"",,,
2378,snoopy presenta la extraordinaria marcie (2023),https://t.me/c/2595202697/28360,"",,,
2379,la pequeña serena un oceano de aventuras (2023),https://t.me/c/2595202697/28364,"",,,
2380,beaten to death (2023)(castellano ),https://t.me/c/2595202697/28368,"",,,
2381,beaten to death (2023)(subtitulado),https://t.me/c/2595202697/28369,"",,,
2382,liga de la justicia mundo belico (2023),https://t.me/c/2595202697/28373,"",,,
2383,melodia asesina(ミンナのウタ)(2023)(castellano),https://t.me/c/2595202697/28377,"",,,
2384,melodia asesina(ミンナのウタ)(2023)(subtitulado),https://t.me/c/2595202697/28378,"",,,
2385,"3 dias en malay (2023)(castellano)",https://t.me/c/2595202697/28382,"",,,
2386,"3 dias en malay (2023)(subtitulado)",https://t.me/c/2595202697/28383,"",,,
2387,finestkind (2023),https://t.me/c/2595202697/28387,"",,,
2388,the blackening (2023),https://t.me/c/2595202697/28391,"",,,
2389,un dia como leon (2023),https://t.me/c/2595202697/28395,"",,,
2390,un guardabosque (2023),https://t.me/c/2595202697/28399,"",,,
2391,unwelcome (2023)(castellano),https://t.me/c/2595202697/28403,"",,,
2392,zoey 102 el casamiento (2023),https://t.me/c/2595202697/28407,"",,,
2393,zom 100 cien cosas que quiero hacer antes de convertirme en zombi (2023),https://t.me/c/2595202697/28411,"",,,
2394,el viaje de julieta (2023)(castellano),https://t.me/c/2595202697/28415,"",,,
2395,final feliz (2023),https://t.me/c/2595202697/28419,"",,,
2396,ganandose el cielo (2023),https://t.me/c/2595202697/28423,"",,,
2397,hipnosis arma invisible (2023),https://t.me/c/2595202697/28427,"",,,
2398,la semilla (2023)(castellano),https://t.me/c/2595202697/28431,"",,,
2399,sakra (天龍八部之喬峰傳)(2023)(castellano),https://t.me/c/2595202697/28435,"",,,
2400,hombres duros (2023)(castellano),https://t.me/c/2595202697/28439,"",,,
2401,hombres duros (2023)(subtitulado),https://t.me/c/2595202697/28440,"",,,
2402,las cosas sencillas (2023)(castellano),https://t.me/c/2595202697/28444,"",,,
2403,club zero (2023)(castellano),https://t.me/c/2595202697/28448,"",,,
2404,club zero (2023)(subtitulado),https://t.me/c/2595202697/28449,"",,,
2405,"3 dias maximo (2023)(castellano)",https://t.me/c/2595202697/28453,"",,,
2406,"3 dias maximo (2023)(subtitulado)",https://t.me/c/2595202697/28454,"",,,
2407,johnny & clyde (2023),https://t.me/c/2595202697/28458,"",,,
2408,el sucesor (2023)(castellano),https://t.me/c/2595202697/28462,"",,,
2409,el sucesor (2023)(subtitulado),https://t.me/c/2595202697/28463,"",,,
2410,mayday club (2023)(castellano),https://t.me/c/2595202697/28467,"",,,
2411,mayday club (2023)(subtitulado),https://t.me/c/2595202697/28468,"",,,
2412,la tierra errante 2 (流浪地球2)(2023)(castellano),https://t.me/c/2595202697/28472,"",,,
2413,la tierra errante 2 (流浪地球2)(2023)(subtitulado),https://t.me/c/2595202697/28473,"",,,
2414,resurreccion monstruosa (2023)(castellano),https://t.me/c/2595202697/28477,"",,,
2415,resurreccion monstruosa (2023)(subtitulado),https://t.me/c/2595202697/28478,"",,,
2416,un rey supermono (超级英雄美猴王：齐天儿)(2023)(castellano),https://t.me/c/2595202697/28482,"",,,
2417,un rey supermono (超级英雄美猴王：齐天儿)(2023)(subtitulado),https://t.me/c/2595202697/28483,"",,,
2418,monster (2023)(audio ambiental sin dialogos),https://t.me/c/2595202697/28487,"",,,
2419,una noche con el demonio (2023),https://t.me/c/2595202697/28491,"",,,
2420,malum (2023)(castellano),https://t.me/c/2595202697/28495,"",,,
2421,malum (2023)(subtitulado),https://t.me/c/2595202697/28496,"",,,
2422,la venganza del dragon (2023)(castellano),https://t.me/c/2595202697/28500,"",,,
2423,la venganza del dragon (2023)(subtitulado),https://t.me/c/2595202697/28501,"",,,
2424,la mujer mas bella de saigon (2023),https://t.me/c/2595202697/28505,"",,,
2425,la torre del infierno (2023),https://t.me/c/2595202697/28509,"",,,
2426,el hotel de los lios. garcia y garcia 2 (2023)(castellano),https://t.me/c/2595202697/28513,"",,,
2427,atraco 88 (2023)latino,https://t.me/c/2595202697/28517,"",,,
2428,el vientre del mal (2023)(castellano),https://t.me/c/2595202697/28521,"",,,
2429,el vientre del mal (2023)(subtitulado),https://t.me/c/2595202697/28522,"",,,
2430,la espera(castellano) (2023),https://t.me/c/2595202697/28526,"",,,
2431,los campeones (2023),https://t.me/c/2595202697/28530,"",,,
2432,los juegos del hambre la balada de pajaros cantores y serpientes (2023),https://t.me/c/2595202697/28534,"",,,
2433,pollitos en fuga el origen de los nuggets (2023),https://t.me/c/2595202697/28538,"",,,
2434,el duelo (2023),https://t.me/c/2595202697/28542,"",,,
2435,el viaje de harold (2023)(castellano),https://t.me/c/2595202697/28546,"",,,
2436,familia (2023),https://t.me/c/2595202697/28550,"",,,
2437,heroico (2023),https://t.me/c/2595202697/28554,"",,,
2438,las chicas estan bien (2023)(castellano),https://t.me/c/2595202697/28558,"",,,
2439,los delincuentes (2023),https://t.me/c/2595202697/28562,"",,,
2440,metralla (2023)(castellano),https://t.me/c/2595202697/28566,"",,,
2441,mision condor (2023),https://t.me/c/2595202697/28570,"",,,
2442,pijamada de locos(the slumber party)(2023),https://t.me/c/2595202697/28574,"",,,
2443,un blanco facil (castellano)(2023),https://t.me/c/2595202697/28578,"",,,
2444,plan familiar (2023),https://t.me/c/2595202697/28582,"",,,
2445,finestkind (2023),https://t.me/c/2595202697/28586,"",,,
2446,trolls 3 todos juntos (2023),https://t.me/c/2595202697/28590,"",,,
2447,¡salta! (2023)(castellano),https://t.me/c/2595202697/28594,"",,,
2448,alta mar (2023)(castellano),https://t.me/c/2595202697/28598,"",,,
2450,ensayo general (2023),https://t.me/c/2595202697/28606,"",,,
2451,el zorro (der fuchs) (2023)(castellano),https://t.me/c/2595202697/28610,"",,,
2452,la tipica navidad (2023),https://t.me/c/2595202697/28614,"",,,
2453,la version persa (2023)(audio hibrido)(castellano),https://t.me/c/2595202697/28618,"",,,
2454,me he hecho viral (2023),https://t.me/c/2595202697/28622,"",,,
2455,noche de horror (2023),https://t.me/c/2595202697/28626,"",,,
2456,un trueno en la oscuridad (2023)(castellano),https://t.me/c/2595202697/28630,"",,,
2457,viaje todo robado (2023),https://t.me/c/2595202697/28634,"",,,
2458,efecto paradoja (2023),https://t.me/c/2595202697/28638,"",,,
2459,fuerzas hostiles (2023),https://t.me/c/2595202697/28642,"",,,
2460,nuestra pequeña gran boda (2023),https://t.me/c/2595202697/28646,"",,,
2461,spider-man lotus (2023),https://t.me/c/2595202697/28650,"",,,
2462,unicornios (2023)(castellano),https://t.me/c/2595202697/28655,"",,,
2463,apple music live peso pluma (2023),https://t.me/c/2595202697/28659,"",,,
2464,blackberry el inicio de la historia (2023),https://t.me/c/2595202697/28663,"",,,
2465,dejar el mundo atras (2023),https://t.me/c/2595202697/28667,"",,,
2466,descifrando a susie (2023),https://t.me/c/2595202697/28671,"",,,
2468,en el desierto (2023),https://t.me/c/2595202697/28679,"",,,
2469,enfrentando la navidad (2023)(castellano),https://t.me/c/2595202697/28683,"",,,
2470,huida sangrienta (2023),https://t.me/c/2595202697/28687,"",,,
2471,immersion (2023)(忌怪島／きかいじま)(castellano),https://t.me/c/2595202697/28691,"",,,
2472,la pecera (2023),https://t.me/c/2595202697/28695,"",,,
2473,la primera navidad del mundo(2023),https://t.me/c/2595202697/28699,"",,,
2474,los archies (2023),https://t.me/c/2595202697/28703,"",,,
2475,mr. monk's last case a monk movie (2023),https://t.me/c/2595202697/28707,"",,,
2476,opponent (2023)(castellano),https://t.me/c/2595202697/28711,"",,,
2477,santa mi amor (2023),https://t.me/c/2595202697/28715,"",,,
2478,silber y el libro de los sueños (2023),https://t.me/c/2595202697/28719,"",,,
2479,sobreviviendo mis xv (2023),https://t.me/c/2595202697/28723,"",,,
2480,the harbinger (2023)(castellano),https://t.me/c/2595202697/28727,"",,,
2481,tu navidad o la mia 2(2023),https://t.me/c/2595202697/28731,"",,,
2482,un pequeño batman navideño (2023)(animado),https://t.me/c/2595202697/28735,"",,,
2483,the lesson (2023)castellano,https://t.me/c/2595202697/28739,"",,,
2484,vera y el placer de los otros (2023),https://t.me/c/2595202697/28743,"",,,
2485,perdon en tiempos de guerra (2023),https://t.me/c/2595202697/28747,"",,,
2486,la venganza de jack (2023),https://t.me/c/2595202697/28750,"",,,
2487,scouts honor los archivos secretos de los boy scouts de ee. uu. (2023)(castellano),https://t.me/c/2595202697/28754,"",,,
2488,sentinela (2023),https://t.me/c/2595202697/28758,"",,,
2489,sica (2023)(castellano),https://t.me/c/2595202697/28762,"",,,
2490,toc toc toc el sonido del mal (2023),https://t.me/c/2595202697/28766,"",,,
2491,en algun lugar de queens (2023),https://t.me/c/2595202697/28770,"",,,
2492,pattie y la furia de poseidon (2023),https://t.me/c/2595202697/28774,"",,,
2493,el señor del viento (2023),https://t.me/c/2595202697/28778,"",,,
2494,el secreto de la colmena (2023),https://t.me/c/2595202697/28782,"",,,
2495,efsunlu 3 muska(subtitulado)(2023)sub-blanco,https://t.me/c/2595202697/28786,"",,,
2496,efsunlu 3 muska (subtitulado)(2023)sub-amarillo,https://t.me/c/2595202697/28787,"",,,
2497,criatura infernal (2023),https://t.me/c/2595202697/28791,"",,,
2498,battle of the beasts (2023),https://t.me/c/2595202697/28795,"",,,
2499,after death(despues de la muerte)(documental)(2023),https://t.me/c/2595202697/28799,"",,,
2500,un reino para todos nosotros (2023),https://t.me/c/2595202697/28803,"",,,
2501,"simona amaya, vivir o morir por la libertad (2023)",https://t.me/c/2595202697/28807,"",,,
2502,el sonido de antes (documental)(2023),https://t.me/c/2595202697/28811,"",,,
2503,el juego de la bruja la ultima posesion (2023),https://t.me/c/2595202697/28815,"",,,
2504,infiltrado en la mafia (2023),https://t.me/c/2595202697/28819,"",,,
2505,rehenes de la tierra (2023),https://t.me/c/2595202697/28823,"",,,
2506,five nights at freddy's (2023),https://t.me/c/2595202697/28827,"",,,
2507,los extraños (the strays)(2023),https://t.me/c/2595202697/28831,"",,,
2508,boksoon debe morir (2023),https://t.me/c/2595202697/28835,"",,,
2509,fuerza bruta sin salida (2023),https://t.me/c/2595202697/28839,"",,,
2510,monster high 2 (2023),https://t.me/c/2595202697/28843,"",,,
2511,mortal kombat legends - demonios y angeles (2023)(animado),https://t.me/c/2595202697/28847,"",,,
2512,teen wolf la pelicula (2023),https://t.me/c/2595202697/28851,"",,,
2513,jung_e (2023),https://t.me/c/2595202697/28855,"",,,
2514,hay algo mal con los niños (2023),https://t.me/c/2595202697/28859,"",,,
2515,la tierra errante 2 (流浪地球2)(2023)(castellano),https://t.me/c/2595202697/28863,"",,,
2516,la tierra errante 2 (流浪地球2)(2023)(subtitulado),https://t.me/c/2595202697/28864,"",,,
2517,shark evil (2023),https://t.me/c/2595202697/28868,"",,,
2518,mi gran boda griega 2,https://t.me/c/2595202697/28872,"",,,
2519,bibi (2023),https://t.me/c/2595202697/28876,"",,,
2520,el paseo 7 (2023),https://t.me/c/2595202697/28880,"",,,
2521,invasion alienigena (2023),https://t.me/c/2595202697/28884,"",,,
2522,hell house: el origen (2023),https://t.me/c/2595202697/28888,"",,,
2523,algea dios del dolor (2023),https://t.me/c/2595202697/28892,"",,,
2524,el enemigo esta cerca (bone cold)(2023),https://t.me/c/2595202697/28896,"",,,
2525,el paramo(the moor) (2023),https://t.me/c/2595202697/28900,"",,,
2526,flow callejero 2 (2023),https://t.me/c/2595202697/28904,"",,,
2527,la leyenda de saint joseph(2023),https://t.me/c/2595202697/28908,"",,,
2529,quieres ser mi hijo (2023),https://t.me/c/2595202697/28916,"",,,
2530,pena de muerte (1995),https://t.me/c/2595202697/28921,"",,,
2531,amor loco(1995)(cast),https://t.me/c/2595202697/28925,"",,,
2535,pesos pesados (1995),https://t.me/c/2595202697/28941,"",,,
2536,fuego contra fuego (1995),https://t.me/c/2595202697/28945,"",,,
2537,seven los siete pecados capitales (1995),https://t.me/c/2595202697/28949,"",,,
2538,la llave magica(1995),https://t.me/c/2595202697/28953,"",,,
2539,"kids, vidas perdidas(1995)",https://t.me/c/2595202697/28957,"",,,
2542,sabrina (1995),https://t.me/c/2595202697/28969,"",,,
2543,batman eternamente (1995),https://t.me/c/2595202697/28973,"",,,
2544,la pirata la isla de las cabezas cortadas (1995),https://t.me/c/2595202697/28977,"",,,
2545,un paseo por las nubes (a walk in the clouds) (1995),https://t.me/c/2595202697/28981,"",,,
2546,"babe, el puerquito valiente (1995)",https://t.me/c/2595202697/28985,"",,,
2547,corazon valiente (1995),https://t.me/c/2595202697/28989,"",,,
2548,muerte subita (1995),https://t.me/c/2595202697/28993,"",,,
2549,lo mejor de lo mejor 3 (1995),https://t.me/c/2595202697/28997,"",,,
2550,jury duty (1995),https://t.me/c/2595202697/29001,"",,,
2551,la masacre de texas la nueva generacion (1995),https://t.me/c/2595202697/29005,"",,,
2552,halloween 6  la maldicion de michael myers (1995),https://t.me/c/2595202697/29010,"",,,
2553,el ciudadano x(sub) (1995),https://t.me/c/2595202697/29014,"",,,
2554,"12 monos (1995)",https://t.me/c/2595202697/29018,"",,,
2555,dragon ball z la fusion de goku y vegeta (1995),https://t.me/c/2595202697/29022,"",,,
2556,dragon ball z el ataque del dragon (1995),https://t.me/c/2595202697/29026,"",,,
2557,liberen a willy 2 (1995),https://t.me/c/2595202697/29030,"",,,
2558,mundo acuatico (1995),https://t.me/c/2595202697/29034,"",,,
2559,susurros del corazon (1995),https://t.me/c/2595202697/29038,"",,,
2560,a la hora señalada (1995),https://t.me/c/2595202697/29042,"",,,
2561,pura energia (1995),https://t.me/c/2595202697/29046,"",,,
2562,legitima defensa (1997),https://t.me/c/2595202697/29051,"",,,
2564,dos chiflados en remojo (1997),https://t.me/c/2595202697/29059,"",,,
2565,adictos al amor (1997),https://t.me/c/2595202697/29063,"",,,
2566,scream 2: grita y vuelve a gritar (1997),https://t.me/c/2595202697/29067,"",,,
2571,justicia roja (1997),https://t.me/c/2595202697/29087,"",,,
2572,el abogado del diablo (1997),https://t.me/c/2595202697/29091,"",,,
2573,el abogado del diablo (1997) unrated,https://t.me/c/2595202697/29092,"",,,
2574,tierra de policias (1997),https://t.me/c/2595202697/29096,"",,,
2575,contacto (1997),https://t.me/c/2595202697/29100,"",,,
2576,mejor... imposible (1997),https://t.me/c/2595202697/29104,"",,,
2577,contracara (1997),https://t.me/c/2595202697/29108,"",,,
2579,batman & robin (1997),https://t.me/c/2595202697/29116,"",,,
2581,anaconda (1997),https://t.me/c/2595202697/29124,"",,,
2582,hombres de negro (1997),https://t.me/c/2595202697/29128,"",,,
2583,el indomable will hunting (1997),https://t.me/c/2595202697/29132,"",,,
2584,vaciones en las vegas (1997),https://t.me/c/2595202697/29136,"",,,
2585,amistad (1997),https://t.me/c/2595202697/29140,"",,,
2586,el juego (1997),https://t.me/c/2595202697/29144,"",,,
2587,el mundo perdido jurassic park (1997),https://t.me/c/2595202697/29149,"",,,
2588,cupido motorizado (1997),https://t.me/c/2595202697/29153,"",,,
2589,carreteras secundarias(castellano) (1997),https://t.me/c/2595202697/29157,"",,,
2590,pajarico (castellano)(1997),https://t.me/c/2595202697/29161,"",,,
2591,starship troopers (1997),https://t.me/c/2595202697/29165,"",,,
2592,liberen a willy 3 el rescate (1997),https://t.me/c/2595202697/29169,"",,,
2593,al filo del peligro (1997),https://t.me/c/2595202697/29173,"",,,
2594,violencia en la frontera(border)(1997)subtitulada,https://t.me/c/2595202697/29177,"",,,
2595,en busca de la felicidad (2006),https://t.me/c/2595202697/29182,"",,,
2602,guardianes de altamar (2006),https://t.me/c/2595202697/29210,"",,,
2603,invencible (2006),https://t.me/c/2595202697/29214,"",,,
2604,diamante de sangre (2006),https://t.me/c/2595202697/29218,"",,,
2563,plaga zombie (1997),https://t.me/c/2595202697/29055,"",plaga,,
2580,besos que matan (1997),https://t.me/c/2595202697/29120,"",,,
2596,tras lineas enemigas 2 (2006),https://t.me/c/2595202697/29186,"",lineas,,
2532,dos policias rebeldes (1995),https://t.me/c/2595202697/28929,"",boys,,
2598,los ojos del mal(2006),https://t.me/c/2595202697/29194,"",ojos,,
2599,asterix y los vikingos (2006),https://t.me/c/2595202697/29198,"",asterix,,
2600,el zorro y el sabueso 2 (2006),https://t.me/c/2595202697/29202,"",sabueso,,
2567,la princesa encantada ii el secreto del castillo (1997),https://t.me/c/2595202697/29071,"",princesa,,
2601,rapido y furioso reto tokio (2006),https://t.me/c/2595202697/29206,"",furioso,,
2533,"la biblia jose, los sueños del faraon (1995)",https://t.me/c/2595202697/28933,"",biblia,,
2570,alien: resurreccion (1997),https://t.me/c/2595202697/29083,"",alien,,
2541,"007 goldeneye(1995)",https://t.me/c/2595202697/28965,"","007",,
2569,la biblia salomon (1997),https://t.me/c/2595202697/29079,,biblia,,
2568,la biblia david (1997),https://t.me/c/2595202697/29075,,biblia,,
2540,balto la leyenda del perro esquimal (1995),https://t.me/c/2595202697/28961,,baltoa,,
2578,"007 el mañana nunca muere(1997)",https://t.me/c/2595202697/29112,"","007",,
2606,los profanadores de tumbas(the gravedancers) (2006),https://t.me/c/2595202697/29226,"",,,
2608,superman regresa (2006),https://t.me/c/2595202697/29234,"",,,
2609,mision imposible 3 (2006),https://t.me/c/2595202697/29238,"",,,
2611,la maldicion 2 (el grito 2)(2006),https://t.me/c/2595202697/29246,"",,,
2612,ratonpolis (2006),https://t.me/c/2595202697/29250,"",,,
2613,la telaraña de charlotte (2006),https://t.me/c/2595202697/29254,"",,,
2614,el ilusionista (2006),https://t.me/c/2595202697/29258,"",,,
2616,la conquista del honor (2006),https://t.me/c/2595202697/29266,"",,,
2617,cartas desde iwo jima (2006),https://t.me/c/2595202697/29270,"",,,
2618,la gran reunion de madea(subtitulado) (2006) sub blanco),https://t.me/c/2595202697/29274,"",,,
2619,la gran reunion de madea(subtitulado))(2006) (sub amarillo),https://t.me/c/2595202697/29275,"",,,
2620,dragon tiger gate (2006),https://t.me/c/2595202697/29279,"",,,
2621,inframundo la evolucion (2006),https://t.me/c/2595202697/29283,"",,,
2622,voces en la noche (the night listener)(2006),https://t.me/c/2595202697/29287,"",,,
2623,mia sarah (castellano)(2006),https://t.me/c/2595202697/29291,"",,,
2624,volando voy(castellano) (2006),https://t.me/c/2595202697/29295,"",,,
2625,la masacre de texas el inicio (2006),https://t.me/c/2595202697/29299,"",,,
2626,american pie presenta la milla al desnudo(2006),https://t.me/c/2595202697/29303,"",,,
2627,one piece el soldado gigante mecanico del castillo karakuri (2006),https://t.me/c/2595202697/29307,"",,,
2628,una pelicula de huevos (2006),https://t.me/c/2595202697/29311,"",,,
2629,van wilder 2 la rebelion de taj (2006),https://t.me/c/2595202697/29315,"",,,
2630,terror en silent hill (2006),https://t.me/c/2595202697/29319,"",,,
2631,el plan perfecto (2006),https://t.me/c/2595202697/29323,"",,,
2632,franco escamilla bienvenido al mundo (2019),https://t.me/c/2595202697/29328,"",,,
2633,la maldicion de la llorona (2019),https://t.me/c/2595202697/29332,"",,,
2634,nueva york sin salida (2019),https://t.me/c/2595202697/29336,"",,,
2635,en aguas revueltas(das dunkle paradies)(2019),https://t.me/c/2595202697/29340,"",,,
2636,la flor del combate(in full bloom )(2019),https://t.me/c/2595202697/29344,"",,,
2637,the nightshifter (2019),https://t.me/c/2595202697/29348,"",,,
2638,testigos silenciosos (2019),https://t.me/c/2595202697/29352,"",,,
2645,ad astra hacia las estrellas (2019),https://t.me/c/2595202697/29377,"",,,
2646,en la hierba alta (2019),https://t.me/c/2595202697/29381,"",,,
2647,brightburn hijo de la oscuridad (2019),https://t.me/c/2595202697/29384,"",,,
2648,obsesion secreta (2019),https://t.me/c/2595202697/29388,"",,,
2651,dumbo (2019),https://t.me/c/2595202697/29400,"",,,
2652,clemencia (2019),https://t.me/c/2595202697/29404,"",,,
2653,los descendientes 3 (2019),https://t.me/c/2595202697/29408,"",,,
2654,zapatos rojos y los siete enanos (2019),https://t.me/c/2595202697/29412,"",,,
2655,la maldicion renace (2019),https://t.me/c/2595202697/29416,"",,,
2656,line walker 2 espia invisible (2019),https://t.me/c/2595202697/29420,"",,,
2657,misterio a bordo (2019),https://t.me/c/2595202697/29424,"",,,
2658,hombres de negro internacional (2019),https://t.me/c/2595202697/29428,"",,,
2659,un principe de navidad bebe real (2019),https://t.me/c/2595202697/29432,"",,,
2660,una accion para navidad (2019),https://t.me/c/2595202697/29436,"",,,
2661,coraje sin limites(казбат) (2019),https://t.me/c/2595202697/29440,"",,,
2662,buscando la verdad (будь что будет) (2019),https://t.me/c/2595202697/29444,"",,,
2663,un loco funeral con madea (2019),https://t.me/c/2595202697/29448,"",,,
2664,angry birds 2 la pelicula (2019),https://t.me/c/2595202697/29452,"",,,
2665,maldita directamente de la tumba (2019),https://t.me/c/2595202697/29456,"",,,
2666,espias en manada (2019),https://t.me/c/2595202697/29460,"",,,
2667,el color que cayo del cielo (2019),https://t.me/c/2595202697/29464,"",,,
2668,entre navajas y secretos (2019),https://t.me/c/2595202697/29468,"",,,
2669,downton abbey (2019),https://t.me/c/2595202697/29472,"",,,
2670,critters ¡al ataque! (2019),https://t.me/c/2595202697/29476,"",,,
2671,danger close the battle of long tan (2019),https://t.me/c/2595202697/29480,"",,,
2672,one piece  estampida (2019),https://t.me/c/2595202697/29484,"",,,
2673,agente bajo fuego (2019),https://t.me/c/2595202697/29488,"",,,
2674,"1917 (2019)",https://t.me/c/2595202697/29492,"",,,
2675,"7500 (2019)",https://t.me/c/2595202697/29496,"",,,
2676,"438 dias (2019)",https://t.me/c/2595202697/29500,"",,,
2677,a sangre fria (2019),https://t.me/c/2595202697/29504,"",,,
2678,american factory (documental)(2019),https://t.me/c/2595202697/29508,"",,,
2679,a dos metros de ti (2019),https://t.me/c/2595202697/29512,"",,,
2680,vengadores endgame(2019),https://t.me/c/2595202697/29516,"",,,
2681,escupire sobre tu tumbadeja vu{subtitulado} (2019),https://t.me/c/2595202697/29520,"",,,
2682,la tierra errante (2019),https://t.me/c/2595202697/29524,"",,,
2683,windstorm 4 (2019)subtitulado,https://t.me/c/2595202697/29528,"",,,
2684,no soy un asesino (2019),https://t.me/c/2595202697/29532,"",,,
2685,guason (2019),https://t.me/c/2595202697/29536,"",,,
2640,terror a 47 metros el segundo ataque (2019),https://t.me/c/2595202697/29360,"","47m",,
2641,john wick 3: parabellum (2019),https://t.me/c/2595202697/29364,"",wick,,
2642,agatha y la maldicion de ishtar (2019)(castellano),https://t.me/c/2595202697/29368,"",agatha,,
2644,inhuman kiss (2019)(subtitulado),https://t.me/c/2595202697/29373,"",kiss,,
2615,destino final 3 (2006),https://t.me/c/2595202697/29262,"",destinof,,
2605,minicampeones 2 (2006)(subtitulado),https://t.me/c/2595202697/29222,"",minica,,
2649,la vida secreta de tus mascotas 2(2019),https://t.me/c/2595202697/29392,"",mascotasc,,
2607,el hombre sin sombra 2 (2006),https://t.me/c/2595202697/29230,"",hombresi,,
2610,"007 casino royale(2006)",https://t.me/c/2595202697/29242,"","007",,
2650,jack en la caja maldita (2019),https://t.me/c/2595202697/29396,"",jackc,,
2686,el souvenir (2019),https://t.me/c/2595202697/29540,"",,,
2687,el inmortal (2019),https://t.me/c/2595202697/29544,"",,,
2688,la odisea de los giles (2019),https://t.me/c/2595202697/29548,"",,,
2689,mascotas unidas (2019),https://t.me/c/2595202697/29552,"",,,
2690,doctor sueño (2019),https://t.me/c/2595202697/29556,"",,,
2691,la madurez de andy (2019),https://t.me/c/2595202697/29560,"",,,
2692,hell house llc iii lake of fire (2019)subtitulada,https://t.me/c/2595202697/29564,"",,,
2693,flow callejero (2019),https://t.me/c/2595202697/29568,"",,,
2694,la leyenda de klaus (2019),https://t.me/c/2595202697/29572,"",,,
2695,boda sangrienta (2019),https://t.me/c/2595202697/29576,"",,,
2696,el plan perfecto el mas buscado (2019),https://t.me/c/2595202697/29580,"",,,
2697,hart duro de entrenar (2023),https://t.me/c/2595202697/29585,"",,,
2698,contra todos (2024),https://t.me/c/2595202697/29589,"",,,
2699,tarot de la muerte (2024)(latino corregido),https://t.me/c/2595202697/29593,"",,,
2700,bionicos (2024),https://t.me/c/2595202697/29597,"",,,
2702,queen rock montreal (2024)(subtitulado),https://t.me/c/2595202697/29605,"",,,
2703,gaga chromatica ball (2024)(subtitulado),https://t.me/c/2595202697/29609,"",,,
2704,recuerdos mortales (2024),https://t.me/c/2595202697/29613,"",,,
2706,sombras del pasado (2024)(latino!),https://t.me/c/2595202697/29621,"",,,
2707,franco escamilla ladies' man (2024),https://t.me/c/2595202697/29625,"",,,
2708,wwe king and queen of the ring (2024),https://t.me/c/2595202697/29629,"",,,
2709,wwe wrestlemania xl saturday (2024)(parte1),https://t.me/c/2595202697/29633,"",,,
2710,wwe wrestlemania xl saturday (2024)(parte2),https://t.me/c/2595202697/29634,"",,,
2711,wwe wrestlemania xl saturday (2024) (parte 3),https://t.me/c/2595202697/29635,"",,,
2712,wwe backlash france (2024),https://t.me/c/2595202697/29639,"",,,
2713,south park el fin de la obesidad (2024),https://t.me/c/2595202697/29643,"",,,
2714,little wing (2024),https://t.me/c/2595202697/29647,"",,,
2715,perra vida (2024),https://t.me/c/2595202697/29651,"",,,
2716,mi querida oni (2024)(anime),https://t.me/c/2595202697/29655,"",,,
2717,crew (2024),https://t.me/c/2595202697/29659,"",,,
2718,atlas (2024),https://t.me/c/2595202697/29663,"",,,
2722,el correo (2024)(castellano),https://t.me/c/2595202697/29679,"",,,
2723,dañado(scrambled) (2024),https://t.me/c/2595202697/29683,"",,,
2724,revuelto (2024),https://t.me/c/2595202697/29687,"",,,
2725,nahir (2024),https://t.me/c/2595202697/29691,"",,,
2726,vampiras the brides (2024),https://t.me/c/2595202697/29695,"",,,
2727,sasquatch sunset (2024),https://t.me/c/2595202697/29699,"",,,
2728,"telma, la unicornio (2024)(animado)",https://t.me/c/2595202697/29703,"",,,
2729,strictly confidential (2024),https://t.me/c/2595202697/29707,"",,,
2730,desafiantes (2024),https://t.me/c/2595202697/29711,"",,,
2731,profesion peligro (2024),https://t.me/c/2595202697/29715,"",,,
2732,la biblia de clarence (2024),https://t.me/c/2595202697/29719,"",,,
2733,arthur una amistad sin limites (2024),https://t.me/c/2595202697/29723,"",,,
2735,flotar (2024),https://t.me/c/2595202697/29731,"",,,
2736,la vida entre leopardos (2024)(castellano),https://t.me/c/2595202697/29735,"",,,
2737,tratamos demasiado bien a las mujeres (2024(castellano),https://t.me/c/2595202697/29739,"",,,
2738,una parte de ti (2024),https://t.me/c/2595202697/29743,"",,,
2739,chabuca (2024),https://t.me/c/2595202697/29747,"",,,
2740,kali angel vengador (2024),https://t.me/c/2595202697/29751,"",,,
2742,evidencias de amor (2024),https://t.me/c/2595202697/29759,"",,,
2743,air force one down (2024)(castellano),https://t.me/c/2595202697/29763,"",,,
2744,back to black (2024),https://t.me/c/2595202697/29767,"",,,
2745,encontrando el amor en sisters (2024),https://t.me/c/2595202697/29771,"",,,
2746,la herencia tiene un precio (2024),https://t.me/c/2595202697/29775,"",,,
2747,en las profundidades del sena (2024),https://t.me/c/2595202697/29779,"",,,
2748,en el corazon del viejo oeste(2024),https://t.me/c/2595202697/29783,"",,,
2749,guerra civil (2024) latino!!,https://t.me/c/2595202697/29787,"",,,
2750,baki hanma vs kengan ashura (2024),https://t.me/c/2595202697/29791,"",,,
2751,estoy bien (2024),https://t.me/c/2595202697/29795,"",,,
2752,basma (2024),https://t.me/c/2595202697/29799,"",,,
2753,complices del engaño (2024),https://t.me/c/2595202697/29803,"",,,
2754,matusalen (2024)(castellano),https://t.me/c/2595202697/29807,"",,,
2755,i.s.s. (2024),https://t.me/c/2595202697/29811,"",,,
2756,enamorada(apaixonada) (2024),https://t.me/c/2595202697/29815,"",,,
2758,misterios de los guerreros de terracota (2024),https://t.me/c/2595202697/29823,"",,,
2759,menudas piezas (2024),https://t.me/c/2595202697/29827,"",,,
2760,wwe clash at the castle scotland (2024),https://t.me/c/2595202697/29831,"",,,
2761,ultraman el ascenso (2024),https://t.me/c/2595202697/29835,"",,,
2762,amigos imaginarios (2024),https://t.me/c/2595202697/29839,"",,,
2763,buscando a coque (2024)(castellano),https://t.me/c/2595202697/29843,"",,,
2764,creciendo juntos (2024)(castellano),https://t.me/c/2595202697/29847,"",,,
2765,creciendo juntos (2024)(subtitulado),https://t.me/c/2595202697/29848,"",,,
2766,el ministerio de la guerra (2024),https://t.me/c/2595202697/29852,"",,,
2767,la academia del sr. kleks (2024),https://t.me/c/2595202697/29856,"",,,
2768,la herencia del tio (2024),https://t.me/c/2595202697/29860,"",,,
2769,los infalibles (2024),https://t.me/c/2595202697/29864,"",,,
2721,godzilla y kong el nuevo imperio (2024),https://t.me/c/2595202697/29675,"",kong,,
2705,la primera profecia (2024),https://t.me/c/2595202697/29617,"",profecia,,
2741,demasiado mayor para cuentos de hadas 2(2024),https://t.me/c/2595202697/29755,,mayor,,
2757,winnie pooh miel y sangre 2 (2024),https://t.me/c/2595202697/29819,"",winnie,,
2701,los colores del mal rojo (2024),https://t.me/c/2595202697/29601,"",colres,,
2770,amor en toda la cara (2024)castellano,https://t.me/c/2595202697/29868,"",,,
2771,cora (2024)castellano,https://t.me/c/2595202697/29872,"",,,
2772,cora (2024)subtitulado,https://t.me/c/2595202697/29873,"",,,
2773,es por su bien (2024),https://t.me/c/2595202697/29877,"",,,
2774,firma aqui (2024),https://t.me/c/2595202697/29881,"",,,
2775,nunca me encontraras(2024)(castellano),https://t.me/c/2595202697/29885,"",,,
2776,nunca me encontraras(2024)(castellano),https://t.me/c/2595202697/29886,"",,,
2777,detonantes (2024),https://t.me/c/2595202697/29890,"",,,
2778,pajaros (2024)(castellano),https://t.me/c/2595202697/29894,"",,,
2779,kurayukaba (2024)(subtitulado),https://t.me/c/2595202697/29898,"",,,
2780,los juegos del amor (2024),https://t.me/c/2595202697/29902,"",,,
2783,maharaja (2024),https://t.me/c/2595202697/29914,"",,,
2784,satan (2024),https://t.me/c/2595202697/29918,"",,,
2785,sight (2024),https://t.me/c/2595202697/29922,"",,,
2786,la estrella azul (2024)(castellano),https://t.me/c/2595202697/29926,"",,,
2787,canta y no llores (2024),https://t.me/c/2595202697/29930,"",,,
2788,creciendo juntos (2024),https://t.me/c/2595202697/29934,"",,,
2789,soy celine dion (2024) subtitulado,https://t.me/c/2595202697/29938,"",,,
2790,rafa marquez el capitan (2024),https://t.me/c/2595202697/29942,"",,,
2791,observados (2024),https://t.me/c/2595202697/29946,"",,,
2792,un asunto familiar (2024),https://t.me/c/2595202697/29950,"",,,
2793,juanpis gonzalez el presidente de la gente (2024),https://t.me/c/2595202697/29954,"",,,
2794,pinceladas de amor (余命一年の僕が、余命半年の君と出会った話。)(2024),https://t.me/c/2595202697/29958,"",,,
2795,un gato con suerte (2024),https://t.me/c/2595202697/29962,"",,,
2796,de noche con el diablo (2024)(castellano),https://t.me/c/2595202697/29966,"",,,
2797,de noche con el diablo (2024)(subtitulado),https://t.me/c/2595202697/29967,"",,,
2798,fancy dance una danza ceremonial (2024),https://t.me/c/2595202697/29971,"",,,
2800,problemista (2024),https://t.me/c/2595202697/29979,"",,,
2801,la monja mala 3 (2024),https://t.me/c/2595202697/29983,"",,,
2802,un actor malo (2024),https://t.me/c/2595202697/29987,"",,,
2803,monkey man el despertar de la bestia (2024),https://t.me/c/2595202697/29991,"",,,
2807,novata espacial (2024),https://t.me/c/2595202697/30004,"",,,
2808,su ultimo combate (2024),https://t.me/c/2595202697/30008,"",,,
2809,politicamente incorrectos (2024),https://t.me/c/2595202697/30012,"",,,
2810,goyo (2024),https://t.me/c/2595202697/30016,"",,,
2811,quizas es cierto lo que dicen de nosotras (2024),https://t.me/c/2595202697/30020,"",,,
2813,pequeñas cartas indiscretas (2024)(castellano),https://t.me/c/2595202697/30028,"",,,
2814,wwe money in the bank 2024 (2024)parte 1,https://t.me/c/2595202697/30032,"",,,
2815,wwe money in the bank 2024 (2024)parte 2,https://t.me/c/2595202697/30033,"",,,
2816,los pequeños amores (2024)(castellano),https://t.me/c/2595202697/30037,"",,,
2817,garfield fuera de casa (2024),https://t.me/c/2595202697/30041,"",,,
2818,el club de los vandalos (2024),https://t.me/c/2595202697/30045,"",,,
2819,wild wild punjab(2024),https://t.me/c/2595202697/30049,"",,,
2820,sientete sexi (2024),https://t.me/c/2595202697/30053,"",,,
2821,acaba con los vecinos (2024),https://t.me/c/2595202697/30057,"",,,
2822,solo una noche de juegos (2024),https://t.me/c/2595202697/30061,"",,,
2823,lobola man (2024),https://t.me/c/2595202697/30065,"",,,
2824,el campeon (2024),https://t.me/c/2595202697/30069,"",,,
2825,"divorcio en negro, de tyler perry (2024)",https://t.me/c/2595202697/30073,"",,,
2826,descendientes el ascenso de red (2024),https://t.me/c/2595202697/30077,"",,,
2827,perspectiva (2024)(castellano),https://t.me/c/2595202697/30081,"",,,
2828,la abadesa (2024)(castellano),https://t.me/c/2595202697/30085,"",,,
2829,un afortunado soñador (2024),https://t.me/c/2595202697/30089,"",,,
2830,desaparecidos en la noche (2024),https://t.me/c/2595202697/30093,"",,,
2831,stella. ein leben. (2024)(castellano),https://t.me/c/2595202697/30097,"",,,
2832,stella. ein leben. (2024)(subtitulado),https://t.me/c/2595202697/30098,"",,,
2833,liga de la justicia crisis en tierras infinitas - parte 1 (2024),https://t.me/c/2595202697/30102,"",,,
2834,liga de la justicia crisis en tierras infinitas - parte 2 (2024),https://t.me/c/2595202697/30106,"",,,
2835,liga de la justicia crisis en tierras infinitas – parte 3 (2024),https://t.me/c/2595202697/30110,"",,,
2836,caceria humana(2024),https://t.me/c/2595202697/30114,"",,,
2837,la grandeza de la vida (2024)(castellano),https://t.me/c/2595202697/30118,"",,,
2838,la grandeza de la vida (2024)(subtitulado),https://t.me/c/2595202697/30119,"",,,
2839,un heroe anonimo (2024)(castellano),https://t.me/c/2595202697/30123,"",,,
2840,un heroe anonimo (2024)(subtitulado),https://t.me/c/2595202697/30124,"",,,
2841,la mujer dormida (2024)(castellano),https://t.me/c/2595202697/30128,"",,,
2842,inmaculada (2024)(latino!!!),https://t.me/c/2595202697/30132,"",,,
2843,grandes espias mision italia (2024),https://t.me/c/2595202697/30136,"",,,
2844,capitan avispa (2024),https://t.me/c/2595202697/30140,"",,,
2845,la joven y el mar (2024),https://t.me/c/2595202697/30144,"",,,
2846,skywalkers una historia de amor (2024),https://t.me/c/2595202697/30148,"",,,
2847,amor mentiras y sangre (2024),https://t.me/c/2595202697/30152,"",,,
2848,al borde del abismo(2024),https://t.me/c/2595202697/30156,"",,,
2849,horizon an american saga - capitulo 1 (2024)(castellano),https://t.me/c/2595202697/30160,"",,,
2782,furiosa de la saga mad max (2024),https://t.me/c/2595202697/29910,"",max,,
2804,un detective suelto en hollywood axel f. (2024),https://t.me/c/2595202697/29995,"",detectivesu,,
2812,el planeta de los simios nuevo reino (2024),https://t.me/c/2595202697/30024,"",planetao,,
2799,la familia del barrio-la pelicula (2024),https://t.me/c/2595202697/29975,"",barriof,,
2850,la familia beneton (2024)(castellano),https://t.me/c/2595202697/30164,"",,,
2851,sirenas (sirenes)(2024)(castellano),https://t.me/c/2595202697/30172,"",,,
2852,la bestia (2024)(subtitulado),https://t.me/c/2595202697/30177,"",,,
2853,vacaciones intercambiadas (2024),https://t.me/c/2595202697/30185,"",,,
2854,el ultimo aliento (2024)(subtitulado),https://t.me/c/2595202697/30193,"",,,
2855,la dinastia ga’a (2024),https://t.me/c/2595202697/30201,"",,,
2856,herencia siniestra (2024),https://t.me/c/2595202697/30209,"",,,
2857,"mon laferte, te amo (2024)",https://t.me/c/2595202697/30217,"",,,
2858,emma y el jaguar negro (2024)(castellano),https://t.me/c/2595202697/30225,"",,,
2859,paradox effect (2024)(castellano),https://t.me/c/2595202697/30230,"",,,
2860,niebla sin fronteras (2024),https://t.me/c/2595202697/30235,"",,,
2861,al rescate de fondo de bikini la pelicula de arenita mejillas (2024),https://t.me/c/2595202697/30243,"",,,
2862,daddio (2024)(castellano),https://t.me/c/2595202697/30251,"",,,
2863,un extraño en el bosque (2024),https://t.me/c/2595202697/30256,"",,,
2864,sin limites los casos del departamento q (2024)(castellano),https://t.me/c/2595202697/30264,"",,,
2865,trampa en alta mar (2024),https://t.me/c/2595202697/30269,"",,,
2866,mi villano favorito 4 (2024),https://t.me/c/2595202697/30277,"",,,
2867,el despertar de la bestia (2024),https://t.me/c/2595202697/30285,"",,,
2868,robot salvaje (2024),https://t.me/c/2595202697/30293,"",,,
2869,celulas en accion!(はたらく細胞) (2024),https://t.me/c/2595202697/30301,"",,,
2870,la carga mas preciada (2024),https://t.me/c/2595202697/30309,"",,,
2871,el llanto (2024),https://t.me/c/2595202697/30317,"",,,
2872,furia asesina (2024),https://t.me/c/2595202697/30325,"",,,
2873,rescate suicida (2024),https://t.me/c/2595202697/30333,"",,,
2874,la noche que volvimos a casa (2024),https://t.me/c/2595202697/30341,"",,,
2875,bajo presion (2024),https://t.me/c/2595202697/30349,"",,,
2876,la hermandad silenciosa (2024),https://t.me/c/2595202697/30357,"",,,
2877,unidos por la musica (2024),https://t.me/c/2595202697/30365,"",,,
2878,conexion macabra (2024),https://t.me/c/2595202697/30373,"",,,
2879,el verano que cambio todo (2024),https://t.me/c/2595202697/30381,"",,,
2880,dientes de leche (2024),https://t.me/c/2595202697/30389,"",,,
2881,mision titan (2024),https://t.me/c/2595202697/30397,"",,,
2882,presencia (2024),https://t.me/c/2595202697/30405,"",,,
2883,game on jugadores de elite (2024),https://t.me/c/2595202697/30413,"",,,
2884,san pugliese (documental)(2024),https://t.me/c/2595202697/30421,"",,,
2885,"robotia, la pelicula (castellano)(2024)",https://t.me/c/2595202697/30429,"",,,
2886,"atahualpa yupanqui, un trashumante(documental) (2024)",https://t.me/c/2595202697/30437,"",,,
2887,moriras en 6 horas (2024),https://t.me/c/2595202697/30445,"",,,
2888,gaucho gaucho (documental)(2024),https://t.me/c/2595202697/30453,"",,,
2889,sola en el paraiso (2024),https://t.me/c/2595202697/30461,"",,,
2890,culpa tuya (2024),https://t.me/c/2595202697/30469,"",,,
2891,fuerza bruta castigo{castellano} (2024),https://t.me/c/2595202697/30477,"",,,
2892,terrifier 3 payaso siniestro (2024),https://t.me/c/2595202697/30485,"",,,
2893,thi yot 2 - susurros mortales 2(death whisperer ) (2024),https://t.me/c/2595202697/30493,"",,,
2894,gladiador ii (2024),https://t.me/c/2595202697/30501,"",,,
2895,amor en costa rica (2024),https://t.me/c/2595202697/30509,"",,,
2896,terrestrial (2024),https://t.me/c/2595202697/30517,"",,,
2897,atrapada en mi propia casa(held hostage in my house) (2024),https://t.me/c/2595202697/30525,"",,,
2898,edificio del miedo (tenants)(2024),https://t.me/c/2595202697/30533,"",,,
2899,noise sonidos del mas alla (2024),https://t.me/c/2595202697/30541,"",,,
2900,umjolo perdidamente enamorada (2024),https://t.me/c/2595202697/30549,"",,,
2901,corina (2024),https://t.me/c/2595202697/30557,"",,,
2902,la evaluacion (2024),https://t.me/c/2595202697/30565,"",,,
2903,cumpleaños sangriento (2024),https://t.me/c/2595202697/30573,"",,,
2904,indomables (2024),https://t.me/c/2595202697/30581,"",,,
2906,the alto knights mafia y poder (2025),https://t.me/c/2595202697/30601,"",,,
2907,depredador cazador de asesinos (2025),https://t.me/c/2595202697/30609,"",,,
2908,una pelicula de minecraft (2025),https://t.me/c/2595202697/30617,"",,,
2909,mickey 17 (2025),https://t.me/c/2595202697/30625,"",,,
2910,compañera perfecta (2025),https://t.me/c/2595202697/30633,"",,,
2911,amor explosivo (2025),https://t.me/c/2595202697/30641,"",,,
2912,el robo perfecto pantera (2025),https://t.me/c/2595202697/30649,"",,,
2913,amenaza en el aire (2025),https://t.me/c/2595202697/30657,"",,,
2914,empezar de nuevo (2025),https://t.me/c/2595202697/30665,"",,,
2915,k.o. (2025),https://t.me/c/2595202697/30673,"",,,
2916,mountainhead (2025),https://t.me/c/2595202697/30681,"",,,
2917,viaje de fin de curso mallorca (2025),https://t.me/c/2595202697/30689,"",,,
2918,loco por ella (2025),https://t.me/c/2595202697/30697,"",,,
2919,la viuda negra (2025),https://t.me/c/2595202697/30705,"",,,
2920,perdida total (2025),https://t.me/c/2595202697/30713,"",,,
2921,lulu es una rinoceronte (2025),https://t.me/c/2595202697/30721,"",,,
2922,el amateur operacion venganza (2025),https://t.me/c/2595202697/30729,"",,,
2923,tierras perdidas (2025),https://t.me/c/2595202697/30737,"",,,
2924,until dawn noche de terror (2025),https://t.me/c/2595202697/30745,"",,,
2925,la calle del terror la reina del baile (2025),https://t.me/c/2595202697/30753,"",,,
2926,fuera de pista 2 (2025),https://t.me/c/2595202697/30761,"",,,
2927,almas marcadas (2025),https://t.me/c/2595202697/30769,"",,,
2928,rescate implacable (2025),https://t.me/c/2595202697/30777,"",,,
2929,mala influencia (2025),https://t.me/c/2595202697/30785,"",,,
2930,la partida de go(승부) (2025),https://t.me/c/2595202697/30805,"",,,
2931,dejame estar contigo (2025),https://t.me/c/2595202697/30809,"",,,
2932,otro pequeño favor (2025),https://t.me/c/2595202697/30813,"",,,
2933,extraterritorial (2025),https://t.me/c/2595202697/30817,"",,,
2934,mientras cupido no esta (2025),https://t.me/c/2595202697/30821,"",,,
2935,la rosa de versalles (2025)(con cancion subtitulada),https://t.me/c/2595202697/30825,"",,,
2936,la rosa de versalles (2025)(sin cancion subtitulada),https://t.me/c/2595202697/30826,"",,,
2937,novocaine sin dolor (2025),https://t.me/c/2595202697/30830,"",,,
2938,"ricos, sin duda (2025)",https://t.me/c/2595202697/30834,"",,,
2939,contraataque (2025),https://t.me/c/2595202697/30838,"",,,
2940,cronicas (2025),https://t.me/c/2595202697/30842,"",,,
2941,el ultimo respiro (2025),https://t.me/c/2595202697/30846,"",,,
2942,golpe de superacion (2025),https://t.me/c/2595202697/30850,"",,,
2943,mi lista de deseos (2025),https://t.me/c/2595202697/30854,"",,,
2944,holland (2025),https://t.me/c/2595202697/30858,"",,,
2945,criminales de lujo (2025),https://t.me/c/2595202697/30862,"",,,
2946,"alexander y un viaje terrible, horrible, malo… ¡muy malo! (2025)",https://t.me/c/2595202697/30866,"",,,
2947,revelacion(계시록) (2025),https://t.me/c/2595202697/30870,"",,,
2948,o’dessa (2025),https://t.me/c/2595202697/30874,"",,,
2949,ad vitam (2025),https://t.me/c/2595202697/30878,"",,,
2950,algo azul (2025),https://t.me/c/2595202697/30882,"",,,
2951,algo embarazada (2025),https://t.me/c/2595202697/30886,"",,,
2952,duplicidad de tyler perry (2025),https://t.me/c/2595202697/30890,"",,,
2953,bastion 36 (2025),https://t.me/c/2595202697/30894,"",,,
2954,batman ninja vs. yakuza league(ニンジャバットマン対ヤクザリーグ) (2025),https://t.me/c/2595202697/30898,"",,,
2955,bridget jones loca por el (2025),https://t.me/c/2595202697/30902,"",,,
2956,contigo en el futuro (2025),https://t.me/c/2595202697/30906,"",,,
2958,de vuelta a la accion (2025),https://t.me/c/2595202697/30914,"",,,
2959,el abismo secreto (2025),https://t.me/c/2595202697/30918,"",,,
2960,el asesino del calendario (2025),https://t.me/c/2595202697/30922,"",,,
2961,aun estoy aqui (2025),https://t.me/c/2595202697/30926,"",,,
2962,el caos esta en el aire (2025),https://t.me/c/2595202697/30930,"",,,
2963,el mono (2025),https://t.me/c/2595202697/30934,"",,,
2964,g20 (2025),https://t.me/c/2595202697/30938,"",,,
2965,el jardinero (2025),https://t.me/c/2595202697/30942,"",,,
2966,irehen (2025),https://t.me/c/2595202697/30946,"",,,
2967,la mujer de las sombras (2025),https://t.me/c/2595202697/30950,"",,,
2968,en un confin del mundo (2025),https://t.me/c/2595202697/30954,"",,,
2969,encerrado (2025),https://t.me/c/2595202697/30958,"",,,
2970,estado electrico (2025),https://t.me/c/2595202697/30962,"",,,
2971,henry danger la pelicula (2025),https://t.me/c/2595202697/30966,"",,,
2972,la chica mas hermosa del mundo (2025),https://t.me/c/2595202697/30970,"",,,
2973,star trek seccion 31 (2025),https://t.me/c/2595202697/30974,"",,,
2974,una muerte silenciosa (2025),https://t.me/c/2595202697/30978,"",,,
2975,la otra boda (2025),https://t.me/c/2595202697/30982,"",,,
2976,oni-goroshi ciudad de los demonios(鬼ゴロシ) (2025),https://t.me/c/2595202697/30986,"",,,
2977,los dos hemisferios de lucca (2025),https://t.me/c/2595202697/30990,"",,,
2978,the witcher sirenas de las profundidades (2025),https://t.me/c/2595202697/30994,"",,,
2979,los simpson pasado furioso (2025),https://t.me/c/2595202697/30998,"",,,
2980,una historia de amor en copenhague (2025),https://t.me/c/2595202697/31002,"",,,
2981,wallace y gromit la venganza se sirve con plumas (2025),https://t.me/c/2595202697/31006,"",,,
2982,mazel tov (2025),https://t.me/c/2595202697/31010,"",,,
2983,lo que le falta a esta estrella(이 별에 필요한) (2025),https://t.me/c/2595202697/31014,"",,,
2984,la balada de la isla (2025),https://t.me/c/2595202697/31018,"",,,
2985,panico en el tren bala(新幹線大爆破) (2025),https://t.me/c/2595202697/31023,"",,,
2986,por el mal camino (2025),https://t.me/c/2595202697/31027,"",,,
2987,retrato de un amor a ciegas (2025),https://t.me/c/2595202697/31031,"",,,
2988,criatura voraz (2025),https://t.me/c/2595202697/31035,"",,,
2989,thunderbolts (2025),https://t.me/c/2595202697/31039,"",,,
2990,bailarina (2025),https://t.me/c/2595202697/31043,"",,,
2991,jefes de estado (2025),https://t.me/c/2595202697/31047,"",,,
2992,la vieja guardia 2 (2025),https://t.me/c/2595202697/31051,"",,,
2993,dora y la busqueda del sol dorado (2025),https://t.me/c/2595202697/31055,"",,,
2994,diablo (2025),https://t.me/c/2595202697/31059,"",,,
2995,karate kid leyendas (2025),https://t.me/c/2595202697/31063,"",,,
2996,el esquema fenicio (2025),https://t.me/c/2595202697/31067,"",,,
2997,ziam (ปากกัด ตีนถีบ)(2025),https://t.me/c/2595202697/31071,"",,,
2998,zombies 4 el origen de los vampiros (2025),https://t.me/c/2595202697/31075,"",,,
2999,alguien asi (आप जैसा कोई)(2025),https://t.me/c/2595202697/31079,"",,,
3000,almost cops (2025),https://t.me/c/2595202697/31083,"",,,
3001,el amigo (2025),https://t.me/c/2595202697/31087,"",,,
3002,el muro negro (2025),https://t.me/c/2595202697/31091,"",,,
3003,una boda en las bahamas con madea (2025),https://t.me/c/2595202697/31095,"",,,
3004,como entrenar a tu dragon (2025),https://t.me/c/2595202697/31099,"",,,
3005,el hombre sin memoria (2025),https://t.me/c/2595202697/31103,"",,,
3006,kaiju no. 8 mision de reconocimiento (2025),https://t.me/c/2595202697/31107,"",,,
3007,m3gan 2.0 (2025),https://t.me/c/2595202697/31111,"",,,
3008,sneaks un par con suerte (2025),https://t.me/c/2595202697/31115,"",,,
3009,opus (2025),https://t.me/c/2595202697/31119,"",,,
3010,casi familia (2025),https://t.me/c/2595202697/31123,"",,,
3011,mama reinventada (2025),https://t.me/c/2595202697/31127,"",,,
3012,june y john (2025),https://t.me/c/2595202697/31131,"",,,
3013,mis 84 m² (84제곱미터)(2025),https://t.me/c/2595202697/31135,"",,,
3014,lilo y stitch (2025),https://t.me/c/2595202697/31139,"",,,
3015,el payaso del maizal (2025),https://t.me/c/2595202697/31143,"",,,
3016,verano infernal (2025),https://t.me/c/2595202697/31147,"",,,
3017,robot chicken (the robot chicken self-discovery special)(2025),https://t.me/c/2595202697/31151,"",,,
3018,una mujer normal (2025),https://t.me/c/2595202697/31155,"",,,
3019,happy gilmore 2 (2025),https://t.me/c/2595202697/31159,"",,,
3020,exterminio la evolucion (2025),https://t.me/c/2595202697/31163,"",,,
3021,un cuento de pescadores la maldicion de la miringua (2025),https://t.me/c/2595202697/31167,"",,,
3022,duro de casar (2025),https://t.me/c/2595202697/31171,"",,,
3023,la muerte de un unicornio (2025),https://t.me/c/2595202697/31175,"",,,
3024,¡armados! (2025),https://t.me/c/2595202697/31179,"",,,
3025,cumpleaños sangriento (2025),https://t.me/c/2595202697/31183,"",,,
3026,una vida honrada (2025),https://t.me/c/2595202697/31187,"",,,
3027,la guerra de los mundos (2025),https://t.me/c/2595202697/31191,"",,,
3028,mi año en oxford (2025),https://t.me/c/2595202697/31195,"",,,
3029,hook (2025),https://t.me/c/2595202697/31199,"",,,
3030,el ultimo rodeo(the last rodeo) (2025),https://t.me/c/2595202697/31203,"",,,
3031,un matrimonio mortal en carolina del norte(documental) (2025),https://t.me/c/2595202697/31207,"",,,
3032,frewaka (castellano)(2025),https://t.me/c/2595202697/31211,"",,,
3033,jurassic world renace (2025),https://t.me/c/2595202697/31215,"",,,
3034,king ivory (2025),https://t.me/c/2595202697/31219,"",,,
3035,el ultimo encargo (2025),https://t.me/c/2595202697/31223,"",,,
3036,la huella del mal (castellano)(2025),https://t.me/c/2595202697/31227,"",,,
3037,screamboat la masacre del raton (2025),https://t.me/c/2595202697/31231,"",,,
3038,leyendas de los heroes condor los valientes (2025),https://t.me/c/2595202697/31235,"",,,
3039,la venganza de popeye (2025),https://t.me/c/2595202697/31239,"",,,
3040,despelote (fixed)(2025),https://t.me/c/2595202697/31243,"",,,
3041,superman (2025),https://t.me/c/2595202697/31247,"",,,
3042,"chiribiquete, un viaje a la memoria ancestral de américa (documental)(2025)",https://t.me/c/2595202697/31251,"",,,
3043,los diamantes de amberes el robo del siglo (2025),https://t.me/c/2595202697/31255,"",,,
3044,marisa y gomoso (2025),https://t.me/c/2595202697/31259,"",,,
3045,rastrojero 2.0 (documental)(2025),https://t.me/c/2595202697/31263,"",,,
3046,the damned (2025),https://t.me/c/2595202697/31267,"",,,
3047,mision imposible - la sentencia final (2025),https://t.me/c/2595202697/31271,"",,,
3048,amores materialistas (2025),https://t.me/c/2595202697/31275,"",,,
3049,la noche siempre llega (2025),https://t.me/c/2595202697/31279,"",,,
3050,mononoke ii las cenizas de la ira (2025),https://t.me/c/2595202697/31283,"",,,
3051,pitufos (2025),https://t.me/c/2595202697/31287,"",,,
3052,doble traicion (2025),https://t.me/c/2595202697/31291,"",,,
3053,osiris (2025),https://t.me/c/2595202697/31295,"",,,
3054,reinas de la noche (2025),https://t.me/c/2595202697/31299,"",,,
3055,renner (2025),https://t.me/c/2595202697/31303,"",,,
3056,elio (2025),https://t.me/c/2595202697/31307,"",,,
3057,los tipos malos 2 (2025),https://t.me/c/2595202697/31311,"",,,
3058,snoopy presenta un musical de verano (2025),https://t.me/c/2595202697/31315,"",,,
3059,f1 la pelicula (2025),https://t.me/c/2595202697/31319,"",,,
3060,ad vitam (2025),https://t.me/c/2595202697/31323,"",,,
3061,el hilo rojo (2025),https://t.me/c/2595202697/31327,"",,,
3062,el gran diluvio (2025),https://t.me/c/2595202697/31331,"",,,
3063,"100 metros (ひゃくえむ。)(2025)",https://t.me/c/2595202697/31335,"",,,
3064,springsteen musica de ninguna parte (2025),https://t.me/c/2595202697/31339,"",,,
3065,wicked por siempre (2025),https://t.me/c/2595202697/31343,"",,,
3066,eternity (2025),https://t.me/c/2595202697/31347,"",,,
3067,five nights at freddy’s 2 (2025),https://t.me/c/2595202697/31351,"",,,
3068,la hora de los valientes (2025),https://t.me/c/2595202697/31355,"",,,
3069,preparacion para la otra vida (2025),https://t.me/c/2595202697/31359,"",,,
3070,"matate, amor (2025)",https://t.me/c/2595202697/31363,"",,,
3071,dreams sueños (2025),https://t.me/c/2595202697/31367,"",,,
3072,lo mejor que puedas (2025),https://t.me/c/2595202697/31371,"",,,
3073,trol 2 (2025),https://t.me/c/2595202697/31375,"",,,
3074,sisu camino a la venganza (2025),https://t.me/c/2595202697/31379,"",,,
3075,"los ilusionistas 3 ahora me ves, ahora no (2025)",https://t.me/c/2595202697/31383,"",,,
3076,the other (2025),https://t.me/c/2595202697/31387,"",,,
3077,verdad y traicion (2025),https://t.me/c/2595202697/31391,"",,,
3078,shaman (2025),https://t.me/c/2595202697/31395,"",,,
3079,cronicas de exorcismo el comienzo (2025),https://t.me/c/2595202697/31399,"",,,
3080,mision frontera (2025),https://t.me/c/2595202697/31403,"",,,
3081,el sobreviviente (2025),https://t.me/c/2595202697/31407,"",,,
3082,"31 minutos calurosa navidad (2025)",https://t.me/c/2595202697/31411,"",,,
3083,a pesar de ti (2025),https://t.me/c/2595202697/31415,"",,,
3084,asiento mortal (2025),https://t.me/c/2595202697/31419,"",,,
3085,soy frankelda (2025),https://t.me/c/2595202697/31423,"",,,
3086,eden (2025),https://t.me/c/2595202697/31427,"",,,
3087,carretera forestal (2025),https://t.me/c/2595202697/31431,"",,,
3088,maldita suerte (2025),https://t.me/c/2595202697/31435,"",,,
3089,hedda (2025),https://t.me/c/2595202697/31439,"",,,
3090,"lo siento, bebe (2025)",https://t.me/c/2595202697/31443,"",,,
3091,la huesped (2025),https://t.me/c/2595202697/31447,"",,,
3092,los extraños capitulo 2 (2025),https://t.me/c/2595202697/31451,"",,,
3093,telefono negro 2 (2025),https://t.me/c/2595202697/31455,"",,,
3094,adultez (2025),https://t.me/c/2595202697/31459,"",,,
3095,animales peligrosos (2025),https://t.me/c/2595202697/31463,"",,,
3096,en busca de la felicidad (2025),https://t.me/c/2595202697/31467,"",,,
3097,prisionero de guerra (2025),https://t.me/c/2595202697/31471,"",,,
3098,baramulla (2025),https://t.me/c/2595202697/31475,"",,,
3099,bugonia (2025),https://t.me/c/2595202697/31479,"",,,
3100,una batalla tras otra (2025),https://t.me/c/2595202697/31483,"",,,
3272,hombre con h (2025),https://t.me/c/2595202697/32167,"",,,
3101,chainsaw man la pelicula -arco de reze (2025),https://t.me/c/2595202697/31487,"",,,
3102,soy eddie (2025),https://t.me/c/2595202697/31491,"",,,
3103,antes de la luna llena (2025),https://t.me/c/2595202697/31495,"",,,
3104,belen (2025),https://t.me/c/2595202697/31499,"",,,
3105,caceria de brujas (2025),https://t.me/c/2595202697/31503,"",,,
3106,camina o muere (2025),https://t.me/c/2595202697/31507,"",,,
3107,cuando el cielo se equivoca (2025),https://t.me/c/2595202697/31511,"",,,
3108,el conjuro 4 ultimos ritos (2025),https://t.me/c/2595202697/31515,"",,,
3109,el encanto del champan (2025),https://t.me/c/2595202697/31519,"",,,
3110,el hijo de mil hombres (2025),https://t.me/c/2595202697/31523,"",,,
3111,frankenstein (2025),https://t.me/c/2595202697/31527,"",,,
3112,frankie y los monstruos (2025),https://t.me/c/2595202697/31531,"",,,
3113,jay kelly (2025),https://t.me/c/2595202697/31535,"",,,
3114,la mano que mece la cuna (2025),https://t.me/c/2595202697/31539,"",,,
3115,manada voraz(the dogs) (2025),https://t.me/c/2595202697/31543,"",,,
3116,merv (2025),https://t.me/c/2595202697/31547,"",,,
3117,ne zha 2 el renacer del alma (2025),https://t.me/c/2595202697/31551,"",,,
3118,plan familiar 2 (2025),https://t.me/c/2595202697/31555,"",,,
3119,sin salida(bunker) (2025),https://t.me/c/2595202697/31559,"",,,
3120,sueños de trenes (2025),https://t.me/c/2595202697/31563,"",,,
3121,tee yai nacido para el crimen (2025),https://t.me/c/2595202697/31567,"",,,
3122,un buen ladron (2025),https://t.me/c/2595202697/31571,"",,,
3123,un dia fuera de control (2025),https://t.me/c/2595202697/31575,"",,,
3124,una navidad extra (2025),https://t.me/c/2595202697/31579,"",,,
3125,wake up dead man un misterio de knives out (2025),https://t.me/c/2595202697/31583,"",,,
3126,el descubridor de leyendas (2024),https://t.me/c/2595202697/31587,"",,,
3127,good boy (2025),https://t.me/c/2595202697/31591,"",,,
3128,la chica zurda (2025),https://t.me/c/2595202697/31595,"",,,
3129,la maquina the smashing machine (2025),https://t.me/c/2595202697/31599,"",,,
3130,luna azul (2025),https://t.me/c/2595202697/31603,"",,,
3131,selena y los dinos (2025),https://t.me/c/2595202697/31607,"",,,
3132,tron ares (2025),https://t.me/c/2595202697/31611,"",,,
3133,un robo muy navideño (2025),https://t.me/c/2595202697/31615,"",,,
3134,americana (2025),https://t.me/c/2595202697/31619,"",,,
3135,atrapado robando (2025),https://t.me/c/2595202697/31623,"",,,
3136,culpa nuestra (2025),https://t.me/c/2595202697/31627,"",,,
3137,el gran viaje de tu vida (2025),https://t.me/c/2595202697/31631,"",,,
3138,el tiempo que nos queda (2025),https://t.me/c/2595202697/31635,"",,,
3139,el valiente (2025),https://t.me/c/2595202697/31639,"",,,
3140,him el elegido (2025),https://t.me/c/2595202697/31643,"",,,
3141,juego sucio (2025),https://t.me/c/2595202697/31647,"",,,
3142,la casa de muñecas de gabby la pelicula (2025),https://t.me/c/2595202697/31651,"",,,
3143,la chica perdida (2025),https://t.me/c/2595202697/31655,"",,,
3144,la hermanastra fea (2025),https://t.me/c/2595202697/31659,"",,,
3145,los cretinos (2025),https://t.me/c/2595202697/31663,"",,,
3146,a traves del fuego (2025),https://t.me/c/2595202697/31667,"",,,
3147,el elixir de la inmortalidad (2025),https://t.me/c/2595202697/31671,"",,,
3148,los roses (2025),https://t.me/c/2595202697/31675,"",,,
3149,masacre de 1976 (2025),https://t.me/c/2595202697/31679,"",,,
3150,otro viernes de locos (2025),https://t.me/c/2595202697/31683,"",,,
3151,parking (2025),https://t.me/c/2595202697/31687,"",,,
3152,sentencia de muerte (2025),https://t.me/c/2595202697/31691,"",,,
3153,steve (2025),https://t.me/c/2595202697/31695,"",,,
3154,todos te quieren cuando has muerto (2025),https://t.me/c/2595202697/31699,"",,,
3155,un fantasma en la batalla (2025),https://t.me/c/2595202697/31703,"",,,
3156,furioza 2 (2025),https://t.me/c/2595202697/31707,"",,,
3157,regalo maldito (2025),https://t.me/c/2595202697/31711,"",,,
3158,buenas noticias (2025),https://t.me/c/2595202697/31715,"",,,
3159,batman azteca choque de imperios (2025),https://t.me/c/2595202697/31719,"",,,
3160,del cielo al infierno (2025),https://t.me/c/2595202697/31723,"",,,
3161,downton abbey el gran final (2025),https://t.me/c/2595202697/31727,"",,,
3162,el mismo dia contigo (2025),https://t.me/c/2595202697/31731,"",,,
3163,gatillero (2025),https://t.me/c/2595202697/31735,"",,,
3164,haz que regrese (2025),https://t.me/c/2595202697/31739,"",,,
3165,honey don’t! (2025),https://t.me/c/2595202697/31743,"",,,
3166,la hora de la desaparicion (2025),https://t.me/c/2595202697/31747,"",,,
3167,los 4 fantasticos primeros pasos (2025),https://t.me/c/2595202697/31751,"",,,
3168,mantis (2025),https://t.me/c/2595202697/31755,"",,,
3169,nadie 2 (2025),https://t.me/c/2595202697/31759,"",,,
3170,numero desconocido un escandalo de ciberacoso escolar (2025),https://t.me/c/2595202697/31763,"",,,
3171,rosario herencia maldita (2025),https://t.me/c/2595202697/31767,"",,,
3172,tiger tanque de guerra (2025),https://t.me/c/2595202697/31771,"",,,
3173,together juntos hasta la muerte (2025),https://t.me/c/2595202697/31775,"",,,
3174,trust (2025),https://t.me/c/2595202697/31779,"",,,
3175,el otro paris (2025),https://t.me/c/2595202697/31783,"",,,
3176,riesgo bajo cero venganza (2025),https://t.me/c/2595202697/31787,"",,,
3177,match la reina de las apps de citas (2025),https://t.me/c/2595202697/31791,"",,,
3178,eddington (2025),https://t.me/c/2595202697/31795,"",,,
3179,el extraño en mi casa (2025),https://t.me/c/2595202697/31799,"",,,
3180,depredador tierras salvajes (2025),https://t.me/c/2595202697/31803,"",,,
3181,caramelo (2025),https://t.me/c/2595202697/31807,"",,,
3182,familia en renta (2025),https://t.me/c/2595202697/31811,"",,,
3183,homo argentum (2025),https://t.me/c/2595202697/31815,"",,,
3184,caminos del crimen (2026),https://t.me/c/2595202697/32494,"",,,
3185,jujutsu kaisen el tesoro escondido  el tesoro perdido - la pelicula (2025),https://t.me/c/2595202697/31819,"",,,
3186,song sung blue sueño inquebrantable (2025),https://t.me/c/2595202697/31823,"",,,
3187,bob esponja en busca de los pantalones cuadrados (2025),https://t.me/c/2595202697/31827,"",,,
3188,codigo venganza (2025),https://t.me/c/2595202697/31831,"",,,
3189,zootopia 2 (2025),https://t.me/c/2595202697/31835,"",,,
3190,ella mccay imperfectamente perfecta (2025),https://t.me/c/2595202697/31839,"",,,
3191,"si pudiera, te daria una patada (2025)",https://t.me/c/2595202697/31843,"",,,
3192,hamnet (2025),https://t.me/c/2595202697/31847,"",,,
3193,la empleada (2025),https://t.me/c/2595202697/31851,"",,,
3194,death whisperer 3 (2025)- audio-digital,https://t.me/c/2595202697/31855,"",,,
3195,"96 minutos (2025)",https://t.me/c/2595202697/31859,"",,,
3196,el cuchillo (2025),https://t.me/c/2595202697/31863,"",,,
3197,no nos dejes caer esta noche (2025),https://t.me/c/2595202697/31867,"",,,
3198,tormento (2025),https://t.me/c/2595202697/31871,"",,,
3199,vieja loca (2025),https://t.me/c/2595202697/31875,"",,,
3200,policias de la mafia (2025),https://t.me/c/2595202697/31879,"",,,
3201,patriotismo (2025),https://t.me/c/2595202697/31883,"",,,
3202,cazadores del fin del mundo (2025),https://t.me/c/2595202697/31887,"",,,
3203,christy (2025),https://t.me/c/2595202697/31891,"",,,
3204,yo era un extraño (2025),https://t.me/c/2595202697/31895,"",,,
3205,anaconda (2025),https://t.me/c/2595202697/31899,"",,,
3206,nuremberg el juicio del siglo (2025),https://t.me/c/2595202697/31903,"",,,
3207,subsuelo (2025),https://t.me/c/2595202697/31907,"",,,
3208,la astronauta (2025),https://t.me/c/2595202697/31911,"",,,
3209,"noche de paz, noche de horror (2025)",https://t.me/c/2595202697/31915,"",,,
3210,camina o muere (the long walk) (2025),https://t.me/c/2595202697/31919,"",,,
3211,"13 dias en el lago de la muerte (2025)",https://t.me/c/2595202697/31923,"",,,
3212,el accidente del piano (2025),https://t.me/c/2595202697/31927,"",,,
3213,las chicas de wall (2025),https://t.me/c/2595202697/31931,"",,,
3214,fackham hall (2025),https://t.me/c/2595202697/31935,"",,,
3215,el paseo 8 (2025),https://t.me/c/2595202697/31939,"",,,
3216,reversion (2025),https://t.me/c/2595202697/31943,"",,,
3217,"40 acres (2025)",https://t.me/c/2595202697/31947,"",,,
3218,antes del fin del mundo (2025),https://t.me/c/2595202697/31951,"",,,
3219,"bau, artista en guerra (2025)",https://t.me/c/2595202697/31955,"",,,
3220,consejos de un asesino serial retirado (2025),https://t.me/c/2595202697/31959,"",,,
3221,finge estar muerta (2025),https://t.me/c/2595202697/31963,"",,,
3222,gladiadores (2025),https://t.me/c/2595202697/31967,"",,,
3223,la tregua (2025),https://t.me/c/2595202697/31971,"",,,
3224,leo & lou (2025),https://t.me/c/2595202697/31975,"",,,
3225,los domingos (2025),https://t.me/c/2595202697/31979,"",,,
3226,lurker (2025),https://t.me/c/2595202697/31983,"",,,
3227,sin conexion (2025),https://t.me/c/2595202697/31987,"",,,
3228,vida privada (2025),https://t.me/c/2595202697/31991,"",,,
3229,my amish double life (vida paralela )(2025),https://t.me/c/2595202697/31995,"",,,
3230,tom y jerry la brujula magica (2025),https://t.me/c/2595202697/31999,"",,,
3231,dhoom dhaam (2025),https://t.me/c/2595202697/32003,"",,,
3232,la dolce casa (2025),https://t.me/c/2595202697/32007,"",,,
3233,luna de miel con mama (2025),https://t.me/c/2595202697/32011,"",,,
3234,nonnas (2025),https://t.me/c/2595202697/32015,"",,,
3235,la herencia (2025),https://t.me/c/2595202697/32019,"",,,
3236,"que huevos, sofia (2025)",https://t.me/c/2595202697/32023,"",,,
3237,"umjolo mi principio, mi final (2025)",https://t.me/c/2595202697/32027,"",,,
3238,umjolo sin cura alguna (2025),https://t.me/c/2595202697/32031,"",,,
3239,una muerte antes de una boda (2025),https://t.me/c/2595202697/32035,"",,,
3240,a prueba (2025),https://t.me/c/2595202697/32039,"",,,
3241,ash (2025),https://t.me/c/2595202697/32043,"",,,
3242,dj encubierto (banger) (2025),https://t.me/c/2595202697/32047,"",,,
3243,chico bento y el maravilloso arbol de la guayaba (2025),https://t.me/c/2595202697/32051,"",,,
3244,chicos de hielo en el tropico (2025),https://t.me/c/2595202697/32055,"",,,
3245,cuentos extraños - freaky tales (2025),https://t.me/c/2595202697/32059,"",,,
3246,delicia (2025),https://t.me/c/2595202697/32063,"",,,
3247,desconectados 2 reconectados (2025),https://t.me/c/2595202697/32067,"",,,
3248,el ladron de joyas (2025),https://t.me/c/2595202697/32071,"",,,
3249,el maravilloso mago de oz parte 1 (2025),https://t.me/c/2595202697/32075,"",,,
3250,esa semana juntos (2025),https://t.me/c/2595202697/32079,"",,,
3251,escapada de espanto (2025),https://t.me/c/2595202697/32083,"",,,
3252,heroes de malegaon (2025),https://t.me/c/2595202697/32087,"",,,
3253,kantara 2 - capítulo 1 (2025),https://t.me/c/2595202697/32091,"",,,
3254,la madre de las estafas (2025),https://t.me/c/2595202697/32095,"",,,
3255,lo mejor del mundo (2025),https://t.me/c/2595202697/32099,"",,,
3256,los khumalo (2025),https://t.me/c/2595202697/32103,"",,,
3257,mesa de regalos (2025),https://t.me/c/2595202697/32107,"",,,
3258,mobile suit gundam gquuuuuux (2025),https://t.me/c/2595202697/32111,"",,,
3259,promesas del corazon (2025),https://t.me/c/2595202697/32115,"",,,
3260,sin oxigeno (2025),https://t.me/c/2595202697/32119,"",,,
3261,un dia de esos (2025),https://t.me/c/2595202697/32123,"",,,
3262,¡viva la vida! (2025),https://t.me/c/2595202697/32127,"",,,
3263,"1978 (2025)",https://t.me/c/2595202697/32131,"",,,
3264,ballerina (2025),https://t.me/c/2595202697/32135,"",,,
3265,barbie y teresa la receta de la amistad (2025),https://t.me/c/2595202697/32139,"",,,
3266,cartoon network vs jellystone crisis de alegrias infinitas (2025),https://t.me/c/2595202697/32143,"",,,
3267,chica conoce a chico (2025),https://t.me/c/2595202697/32147,"",,,
3268,el rey de reyes (2025),https://t.me/c/2595202697/32151,"",,,
3269,wolfgang (extraordinario) (2025),https://t.me/c/2595202697/32155,"",,,
3271,avatar fuego y cenizas (2025),https://t.me/c/2595202697/32163,"",,,
3273,hurry up tomorrow mas alla de los reflectores (2025),https://t.me/c/2595202697/32171,"",,,
3274,infiltrada en el bunker (2025),https://t.me/c/2595202697/32175,"",,,
3275,invencible un niño fuera de serie (2025),https://t.me/c/2595202697/32179,"",,,
3276,juegos de seduccion (2025),https://t.me/c/2595202697/32183,"",,,
3277,kayara la princesa inca (2025),https://t.me/c/2595202697/32187,"",,,
3278,kiff la leyenda del anillo luminoso (2025),https://t.me/c/2595202697/32191,"",,,
3279,la furia (2025),https://t.me/c/2595202697/32195,"",,,
3280,la niña de mis ojos (2025),https://t.me/c/2595202697/32199,"",,,
3281,la rinoceronte lulu (2025),https://t.me/c/2595202697/32203,"",,,
3282,larissa la otra cara de anitta (2025),https://t.me/c/2595202697/32207,"",,,
3283,los niños de masameer (2025),https://t.me/c/2595202697/32211,"",,,
3284,los rechazados (2025),https://t.me/c/2595202697/32215,"",,,
3285,mensaje en una botella (2025),https://t.me/c/2595202697/32219,"",,,
3286,mikaela (2025),https://t.me/c/2595202697/32223,"",,,
3287,nosotros (2025),https://t.me/c/2595202697/32227,"",,,
3288,padres (2025),https://t.me/c/2595202697/32231,"",,,
3289,"plankton, la pelicula (2025)",https://t.me/c/2595202697/32235,"",,,
3290,por el mal camino (2025),https://t.me/c/2595202697/32239,"",,,
3291,poseida (2025)-castellano,https://t.me/c/2595202697/32243,"",,,
3292,redada 2 (2025),https://t.me/c/2595202697/32247,"",,,
3293,semidulce 2 (2025),https://t.me/c/2595202697/32251,"",,,
3294,sin previo aviso (2024),https://t.me/c/2595202697/32256,"",,,
3295,tonterias de amor (2025),https://t.me/c/2595202697/32259,"",,,
3296,la historia del sonido (2025),https://t.me/c/2595202697/32263,"",,,
3297,una ballena (2025),https://t.me/c/2595202697/32267,"",,,
3298,vidas en matrimonio (2025),https://t.me/c/2595202697/32271,"",,,
3299,wunderschöner (2025),https://t.me/c/2595202697/32275,"",,,
3300,un cuento de pescadores la maldicion de la miringua (2025),https://t.me/c/2595202697/32279,"",,,
3301,un funeral de locos (2025),https://t.me/c/2595202697/32283,"",,,
3302,dibujos imaginarios (2025),https://t.me/c/2595202697/32287,"",,,
3303,el club del crimen de los jueves (2025),https://t.me/c/2595202697/32291,"",,,
3304,el regreso de piglet (2025),https://t.me/c/2595202697/32295,"",,,
3305,este maldito futbol fantasy (2025),https://t.me/c/2595202697/32299,"",,,
3306,hallow road - llamada a medianoche (2025),https://t.me/c/2595202697/32303,"",,,
3307,infierno en el pantano (2025),https://t.me/c/2595202697/32307,"",,,
3308,los condenados (2025),https://t.me/c/2595202697/32311,"",,,
3309,muy lejos (2025),https://t.me/c/2595202697/32315,"",,,
3310,planeta solteros una aventura en grecia (2025),https://t.me/c/2595202697/32319,"",,,
3311,aquella cancion (2025),https://t.me/c/2595202697/32323,"",,,
3312,todo lo que no se (2025),https://t.me/c/2595202697/32327,"",,,
3313,un hombre abandonado (2025),https://t.me/c/2595202697/32331,"",,,
3314,la conductora(velocidad salvaje) (2025),https://t.me/c/2595202697/32335,"",,,
3315,la banda de los ladrones de oro (2025),https://t.me/c/2595202697/32339,"",,,
3316,"27 noches (2025)",https://t.me/c/2595202697/32343,"",,,
3317,academia de villanos (2025),https://t.me/c/2595202697/32347,"",,,
3318,asesinos de aliens del espacio sideral (2025),https://t.me/c/2595202697/32351,"",,,
3319,el cuento del lobo (2025),https://t.me/c/2595202697/32355,"",,,
3320,sarah's oil el oro negro (2025),https://t.me/c/2595202697/32359,"",,,
3321,siempre es invierno (2025),https://t.me/c/2595202697/32363,"",,,
3322,la chica del atico (2025),https://t.me/c/2595202697/32367,"",,,
3323,una ultima aventura detras de camaras de stranger things 5 (2026),https://t.me/c/2595202697/32370,"",,,
3324,el botin (2026),https://t.me/c/2595202697/32374,"",,,
3325,gente que conocemos en vacaciones (2026),https://t.me/c/2595202697/32378,"",,,
3326,de las cenizas bajo tierra (2026),https://t.me/c/2595202697/32382,"",,,
3327,el falsario (2026),https://t.me/c/2595202697/32386,"",,,
3328,la princesa kaguya del cosmos (2026),https://t.me/c/2595202697/32390,"",,,
3329,equipo demolicion (2026),https://t.me/c/2595202697/32394,"",,,
3330,la investigacion sobre lucy letby (2026)-documental,https://t.me/c/2595202697/32398,"",,,
3331,los muppets un show especial (2026),https://t.me/c/2595202697/32402,"",,,
3332,primate (2026),https://t.me/c/2595202697/32406,"",,,
3333,una carta a mi juventud (2026),https://t.me/c/2595202697/32410,"",,,
3334,sin piedad (2026),https://t.me/c/2595202697/32414,"",,,
3335,exterminio el templo de huesos (2026),https://t.me/c/2595202697/32418,"",,,
3336,"love me, love me (2026)",https://t.me/c/2595202697/32422,"",,,
3337,¡uf! ¿solo amigos (2026),https://t.me/c/2595202697/32426,"",,,
3338,el tour universitario con joe (2026),https://t.me/c/2595202697/32430,"",,,
3339,ahi estoy yo (2026),https://t.me/c/2595202697/32434,"",,,
3340,aviso general hermandad (2026),https://t.me/c/2595202697/32438,"",,,
3341,cortafuego (2026),https://t.me/c/2595202697/32442,"",,,
3342,el engaño (2026),https://t.me/c/2595202697/32446,"",,,
3343,en un abrir y cerrar de ojos (2026),https://t.me/c/2595202697/32450,"",,,
3344,la meta es el amor (2026),https://t.me/c/2595202697/32454,"",,,
3345,pavana (2026),https://t.me/c/2595202697/32458,"",,,
3346,la reina del ajedrez (2026)documental,https://t.me/c/2595202697/32462,"",,,
3347,terror en silent hill regreso al infierno (2026)audio no official(cam),https://t.me/c/2595202697/32466,"",,,
3348,sesion fatal (2026),https://t.me/c/2595202697/32470,"",,,
3349,alerta extincion (2026)audio cam,https://t.me/c/2595202697/32474,"",,,
3350,maquina de guerra (2026),https://t.me/c/2595202697/32478,"",,,
3351,"matar, vengar, repetir (2026)",https://t.me/c/2595202697/32482,"",,,
3352,solo mio (2026),https://t.me/c/2595202697/32486,"",,,
3353,los extraños capitulo 3 (2026),https://t.me/c/2595202697/32490,"",,,
3354,contra las cuerdas (2026),https://t.me/c/2595202697/32498,"",,,
3355,scream 7 (2026),https://t.me/c/2595202697/32506,"",,,
3356,un destino en corea (2026),https://t.me/c/2595202697/32510,"",,,
3357,flow callejero 3 (2026),https://t.me/c/2595202697/32514,"",,,
3358,patrulla nocturna (2026),https://t.me/c/2595202697/32518,"",,,
3359,un hombre por semana (2026),https://t.me/c/2595202697/32522,"",,,
3360,el sonido de la muerte (2026),https://t.me/c/2595202697/32526,"",,,
3361,el dia del fin del mundo migracion (2026),https://t.me/c/2595202697/32530,"",,,
3362,peaky blinders el hombre inmortal (2026),https://t.me/c/2595202697/32534,"",,,
3363,zeta (2026),https://t.me/c/2595202697/32538,"",,,
3364,goat la cabra que cambio el juego (2026),https://t.me/c/2595202697/32542,"",,,
3365,¡ayuda! (2026),https://t.me/c/2595202697/32546,"",,,
3367,bts el regreso (2026),https://t.me/c/2595202697/32554,"",,,
3368,venganza (2026),https://t.me/c/2595202697/32558,"",,,
3369,proyecto fin del mundo (2026),https://t.me/c/2595202697/32562,"",,,
3370,no te olvidare (2026),https://t.me/c/2595202697/32566,"",,,
3371,la huella del oro (2026),https://t.me/c/2595202697/32570,"",,,
3372,infierno bajo cero (2026),https://t.me/c/2595202697/32574,"",,,
3373,el ultimo depredador (2026),https://t.me/c/2595202697/32578,"",,,
3374,boda sangrienta 2 (2026),https://t.me/c/2595202697/32582,"",,,
3375,"18 rosas (2026)",https://t.me/c/2595202697/32586,"",,,
3376,super mario galaxy (2026),https://t.me/c/2595202697/32590,"",,,
3377,outcome (2026),https://t.me/c/2595202697/32594,"",,,
3378,embestida (2026),https://t.me/c/2595202697/32598,"",,,
3379,amelie y los secretos de la lluvia (2026),https://t.me/c/2595202697/32602,"",,,
3380,un pueblo al rescate (2026),https://t.me/c/2595202697/32606,"",,,
3381,sobran las palabras (2026),https://t.me/c/2595202697/32610,"",,,
3382,"180 (2026)",https://t.me/c/2595202697/32614,"",,,
3383,bolas arriba (2026),https://t.me/c/2595202697/32618,"",,,
3384,compañeras de cuarto (2026),https://t.me/c/2595202697/32622,"",,,
3385,la tostadora (2026),https://t.me/c/2595202697/32626,"",,,
3386,los huerfanos (2026),https://t.me/c/2595202697/32630,"",,,
3387,quieres ser mi novia (2026),https://t.me/c/2595202697/32634,"",,,
3388,hasta que amanezca (2026),https://t.me/c/2595202697/32638,"",,,
3389,inthum (2026),https://t.me/c/2595202697/32642,"",,,
3390,en busca de harry el arte detras de la magia (2026),https://t.me/c/2595202697/32646,"",,,
3391,el ultimo gigante (2026),https://t.me/c/2595202697/32650,"",,,
3392,consecuencias duraderas 2 (2026),https://t.me/c/2595202697/32654,"",,,
3393,"come, reza, ladra (2026)",https://t.me/c/2595202697/32658,"",,,
3394,clika (2026),https://t.me/c/2595202697/32662,"",,,
3395,¡la novia! (2026),https://t.me/c/2595202697/32666,"",,,
3396,aunque nuestro amor se desvanezca esta noche (2026),https://t.me/c/2595202697/32670,"",,,
3397,la mujer policia 3 (2026),https://t.me/c/2595202697/32674,"",,,
3398,"53 domingos (2026)",https://t.me/c/2595202697/32678,"",,,
3399,perros y diablos (2026),https://t.me/c/2595202697/32682,"",,,
3400,mike y nick y nick y alice (2026),https://t.me/c/2595202697/32686,"",,,
3401,lindas y letales (2026),https://t.me/c/2595202697/32690,"",,,
3402,la linea roja (2026),https://t.me/c/2595202697/32694,"",,,
3403,jugada maestra (2026),https://t.me/c/2595202697/32698,"",,,
3404,hoppers operacion castor (2026),https://t.me/c/2595202697/32702,"",,,
3405,cumbres borrascosas (2026),https://t.me/c/2595202697/32706,"",,,
3406,violencia en la frontera 2 (2026),https://t.me/c/2595202697/32710,"",,,
3407,te van a matar (2026),https://t.me/c/2595202697/32714,"",,,
3408,me llamo agneta (2026),https://t.me/c/2595202697/32718,"",,,
3409,el drama (2026),https://t.me/c/2595202697/32747,"",,,
3411,el yerno (2026),https://t.me/c/2595202697/32765,"",,,
3412,familia a la deriva (2026),https://t.me/c/2595202697/32769,"",,,
3413,idolos (2026),https://t.me/c/2595202697/32773,"",,,
3414,intercambiados (2026),https://t.me/c/2595202697/32777,"",,,
3415,mi querida señorita (2026),https://t.me/c/2595202697/32787,"",,,
3416,dracula de bram stoker (1992),https://t.me/c/2595202697/32791,"",,,
3417,buen camino (2025),https://t.me/c/2595202697/32797,"",,,
3418,un lugar llamado notting hill (1999),https://t.me/c/2595202697/32805,"",,,
3419,la casa de los espiritus (1993),https://t.me/c/2595202697/32809,"",,,
3421,icefall botin en el hielo (2025),https://t.me/c/2595202697/32819,"",,,
3422,hogar dulce hogar renacimiento (2025),https://t.me/c/2595202697/32825,"",,,
3423,esta funcionando esto (2025),https://t.me/c/2595202697/32831,"",,,
3424,en el reino de las sombras (2025),https://t.me/c/2595202697/32835,"",,,
3425,el guardian ultimo refugio (2026),https://t.me/c/2595202697/32839,"",,,
3426,atrapando a un monstruo (2025),https://t.me/c/2595202697/32843,"",,,
3427,anatema (2024),https://t.me/c/2595202697/32847,"",,,
3428,monstruo a bordo (2024),https://t.me/c/2595202697/32851,"",,,
3429,la sangre del exorcista (2025),https://t.me/c/2595202697/32855,"",,,
3430,la red fantasma (2024),https://t.me/c/2595202697/32860,"",,,
3431,frankenstein debe morir(subtitulada)(1969),https://t.me/c/2595202697/32864,"",,,
3432,nadie se mete con la abuela (2024),https://t.me/c/2595202697/32873,"",,,
3433,la esposa que sabia demasiado (2025),https://t.me/c/2595202697/32877,"",,,
3434,criaturas luminosas (2026),https://t.me/c/2595202697/33034,"",,,
3435,inspector gadget (1999),https://t.me/c/2595202697/33130,"",,,
3436,inspector gadget 2 (2003),https://t.me/c/2595202697/33143,"",,,
3437,balearic (2025),https://t.me/c/2595202697/33200,"",,,
3438,la carne es debil (cannibal mukbang ) (2025),https://t.me/c/2595202697/33207,"",,,
3441,el diablo viste a la moda (2006),https://t.me/c/2595202697/33235,"",,,
3442,el diablo viste a la moda 2 (2026),https://t.me/c/2595202697/33239,"",,,
3443,la habitacion del panico (2002),https://t.me/c/2595202697/33243,"",,,
3444,playa de lobos (2025),https://t.me/c/2595202697/33247,"",,,
3366,francotirador sin nacion (2026),https://t.me/c/2595202697/32550,"",Sniper,,
3445,"jack ryan, de tom clancy guerra fantasma (2026)",https://t.me/c/2595202697/33251,"",,,
3446,despues (2024),https://t.me/c/2595202697/33255,"",,,
3447,"tu, yo & la toscana (2026)",https://t.me/c/2595202697/33259,"",,,
3448,trouble man (2025),https://t.me/c/2595202697/33268,"",,,
3449,trouble man (2025),https://t.me/c/2595202697/33272,"",,,
3450,socias por accidente (2026),https://t.me/c/2595202697/33276,"",,,
3451,si solo pudiera imaginar 2 (2026),https://t.me/c/2595202697/33280,"",,,
3452,sangriento dia de las madres (2010),https://t.me/c/2595202697/33289,"",,,
3453,sangre asesina (2026),https://t.me/c/2595202697/33293,"",,,
3454,rescate en las alturas (2025),https://t.me/c/2595202697/33297,"",,,
3455,punisher la ultima muerte (2026),https://t.me/c/2595202697/33301,"",,,
3456,proyecto silencio (2023),https://t.me/c/2595202697/33305,"",,,
3457,pinocho (2026),https://t.me/c/2595202697/33309,"",,,
3458,perturbado por el pasado (2025),https://t.me/c/2595202697/33313,"",,,
3459,no es pais para solteros (2026),https://t.me/c/2595202697/33317,"",,,
3460,naturaleza oscura  (dark nature) (2023),https://t.me/c/2595202697/33321,"",,,
3461,mujer prohibida (2024),https://t.me/c/2595202697/33325,"",,,
3462,mortal kombat (2021),https://t.me/c/2595202697/33329,"",,,
3463,mortal kombat ii (2026),https://t.me/c/2595202697/33333,"",,,
3464,les digo almas (2025),https://t.me/c/2595202697/33342,"",,,
3465,la sombra (2024),https://t.me/c/2595202697/33346,"",,,
3466,la posesion de la momia (2026),https://t.me/c/2595202697/33350,"",,,
3467,sueños sobre hielo (2005),https://t.me/c/2595202697/33351,"",,,
3468,una cura de otro mundo (wellwood) (2025),https://t.me/c/2595202697/33355,"",,,
3469,seduccion (2025),https://t.me/c/2595202697/33359,"",,,
3470,rondallas (2025),https://t.me/c/2595202697/33363,"",,,
3482,mexicali (2026),https://t.me/c/2595202697/33408,"",,,
3483,no parpadees (never blink) (2025),https://t.me/c/2595202697/33412,"",,,
3484,la muñeca del mal (finders keepers) (2014),https://t.me/c/2595202697/33416,"",,,
3485,gary (2026),https://t.me/c/2595202697/33424,"",,,
3486,el padrino (1972),https://t.me/c/2595202697/33427,"",,,
3487,el padrino 2 (1974),https://t.me/c/2595202697/33430,"",,,
3488,el padrino 3 (original director's cut) (1990),https://t.me/c/2595202697/33433,"",,,
3489,el padrino 3 - (re-edit )la muerte de michael corleone 1990 (2020),https://t.me/c/2595202697/33438,"",,,
3490,el monstruo de la isla (2024),https://t.me/c/2595202697/33449,"",,,
3491,la llegada del hijo (2024),https://t.me/c/2595202697/33453,"",,,
3492,el origen de los red hot chili peppers nuestro hermano hillel (2026),https://t.me/c/2595202697/33457,"",,,
3493,"911 llamada infernal (2025)",https://t.me/c/2595202697/33461,"",,,
3494,"sobriedad, me estas matando (2025)",https://t.me/c/2595202697/33465,"",,,
3495,los secretos de la calle maple mentiras y ex-esposas (2024),https://t.me/c/2595202697/33469,"",,,
3496,aida y vuelta (2026),https://t.me/c/2595202697/33481,"",,,
3497,enterramos a los muertos (2025),https://t.me/c/2595202697/33485,"",,,
3499,honey bunch (2026),https://t.me/c/2595202697/33493,"",,,
3500,invocacion (2025),https://t.me/c/2595202697/33497,"",,,
3501,la gatastrofe de rocky (2026),https://t.me/c/2595202697/33501,"",,,
3502,la sociedad de los asesinos (assassin's guild) (2024),https://t.me/c/2595202697/33505,"",,,
3503,las damas primero (2026),https://t.me/c/2595202697/33509,"",,,
3504,las exorcistas (monjas oscuras) (2025),https://t.me/c/2595202697/33513,"",,,
3505,psicopata el asesino del conejo blanco (2026),https://t.me/c/2595202697/33517,"",,,
3506,un secreto magico (2025),https://t.me/c/2595202697/33521,"",,,
3507,los olvidados (2017),https://t.me/c/2595202697/33525,"",,,
3508,los olvidados cicatrices (2022),https://t.me/c/2595202697/33529,"",,,
3509,el precio de la codicia (2011),https://t.me/c/2595202697/33539,"",,,
3510,el banquero (2020),https://t.me/c/2595202697/33543,"",,,
3511,hombres de negocios (2010),https://t.me/c/2595202697/33547,"",,,
3512,mentiras mortales (2012),https://t.me/c/2595202697/33551,"",,,
3513,el informante (1999),https://t.me/c/2595202697/33555,"",,,
3514,komodo vs. cobra (2005),https://t.me/c/2595202697/33559,"",,,
3515,el otro lado de la cama (2002),https://t.me/c/2595202697/33563,"",,,
3517,todos los lados de la cama (2025),https://t.me/c/2595202697/33571,"",,,
3518,la vida secreta de mi otra esposa (2025),https://t.me/c/2595202697/33581,"",,,
3519,los 2 lados de la cama (2005),https://t.me/c/2595202697/33582,"",,,
3520,oso sangriento la noche del terror (Grizzly Night) (2026),https://t.me/c/2595202697/33596,"",,,
3521,el dia de la masacre (2025),https://t.me/c/2595202697/33603,"",,,
3522,el padel es nuestro (2025),https://t.me/c/2595202697/33607,"",,,
3523,exorcismo el ritual (2025),https://t.me/c/2595202697/33611,"",,,
3524,f*llar casar matar (2025),https://t.me/c/2595202697/33615,"",,,
3525,french lover (2025),https://t.me/c/2595202697/33619,"",,,
3526,inspector zende (2025),https://t.me/c/2595202697/33623,"",,,
3527,la mujer del camarote 10 (2025),https://t.me/c/2595202697/33630,"",,,
3528,la princesa perdida (2025),https://t.me/c/2595202697/33634,"",,,
3529,la vida de chuck (2024),https://t.me/c/2595202697/33637,"",,,
3530,limpia (2025),https://t.me/c/2595202697/33643,"",,,
3531,mantenimiento requerido (2025),https://t.me/c/2595202697/33647,"",,,
3532,putin (2025),https://t.me/c/2595202697/33651,"",,,
3533,ramon y ramon (2025),https://t.me/c/2595202697/33655,"",,,
3534,rust: la ley del oeste (2025),https://t.me/c/2595202697/33659,"",,,
3535,rut y booz (2025),https://t.me/c/2595202697/33663,"",,,
3536,todo de ti (2024),https://t.me/c/2595202697/33667,"",,,
3537,Un cuento oscuro (2025),https://t.me/c/2595202697/33671,"",,,
3538,una mujer sin filtros (2025),https://t.me/c/2595202697/33675,"",,,
3539,valiente una historia de tracker (2025),https://t.me/c/2595202697/33679,"",,,
3540,amores compartidos (2025),https://t.me/c/2595202697/33683,"",,,
3541,ataque 13 (2025),https://t.me/c/2595202697/33687,"",,,
3542,dr. seuss los sneetches (2025),https://t.me/c/2595202697/33691,"",,,
3543,el intermediario (2024),https://t.me/c/2595202697/33695,"",,,
3544,a traves del fuego (2025),https://t.me/c/2595202697/33703,"",,,
3545,las ratas una historia de the witcher (2025),https://t.me/c/2595202697/33707,"",,,
3546,lego frozen: operation puffins (2025),https://t.me/c/2595202697/33711,"",,,
3547,"locos de amor, mi primer amor (2025)",https://t.me/c/2595202697/33715,"",,,
3548,mango (2025),https://t.me/c/2595202697/33719,"",,,
3549,mirreyes vs godinez las vegas (2025),https://t.me/c/2595202697/33729,"",,,
3550,Partisanos (2025),https://t.me/c/2595202697/33733,"",,,
3551,saiyaara (2025),https://t.me/c/2595202697/33737,"",,,
3552,"un novio, dos novias (2025)",https://t.me/c/2595202697/33741,"",,,
3553,una casa de dinamita (2025),https://t.me/c/2595202697/33745,"",,,
3554,war 2 (2025),https://t.me/c/2595202697/33749,"",,,
3555,y ella dijo quizas (2025),https://t.me/c/2595202697/33753,"",,,
3556,a la espera de la muerte (2025),https://t.me/c/2595202697/33757,"",,,
3557,aun es de noche en caracas (2025),https://t.me/c/2595202697/33761,"",,,
3558,ciudad sin sueño (2025),https://t.me/c/2595202697/33765,"",,,
3559,Concebido en mentiras (Cradle of Deception) (2024),https://t.me/c/2595202697/33769,"",,,
3560,frankenstein legacy (2025),https://t.me/c/2595202697/33773,"",,,
3561,la bala (2025),https://t.me/c/2595202697/33777,"",,,
3562,clearmind - la venganza no es un juego (2024),https://t.me/c/2595202697/33781,"",,,
3563,la virgen de la tosquera (2025),https://t.me/c/2595202697/33785,"",,,
3564,coartadas (2025),https://t.me/c/2595202697/33789,"",,,
3565,golpes(2025),https://t.me/c/2595202697/33793,"",,,
3566,terror en shelby oaks (2024),https://t.me/c/2595202697/33797,"",,,
3567,"31 minutos: calurosa navidad (2025)",https://t.me/c/2595202697/33801,"",,,
3568,amor en un plato (2025),https://t.me/c/2595202697/33805,"",,,
3569,amor erizo (2025),https://t.me/c/2595202697/33809,"",,,
3570,"autos, mota y rocanrol (2025)",https://t.me/c/2595202697/33813,"",,,
3571,desastre en familia (2025),https://t.me/c/2595202697/33817,"",,,
3572,"dos mundos, un deseo (2025)",https://t.me/c/2595202697/33821,"",,,
3573,dracula (2025),https://t.me/c/2595202697/33825,"",,,
3574,el secreto de santa (2025),https://t.me/c/2595202697/33829,"",,,
3575,en sueños (2025),https://t.me/c/2595202697/33833,"",,,
3576,high ground en la tierra de los justos (2025),https://t.me/c/2595202697/33837,"",,,
3577,la niebla de la guerra (2025),https://t.me/c/2595202697/33841,"",,,
3578,la ola (2025),https://t.me/c/2595202697/33845,"",,,
3579,lefter la historia de un maestro del futbol (2025),https://t.me/c/2595202697/33849,"",,,
3580,ojala me lo hubieras dicho (2025),https://t.me/c/2595202697/33854,"",,,
3581,patrulla de aterrizaje operacion bola de nieve (2025),https://t.me/c/2595202697/33858,"",,,
3582,Soldado en Furia (Sunray: Fallen Soldier )(2024),https://t.me/c/2595202697/33864,"",,,
3583,Tierra de Fugitivos (Gunslingers) (2025),https://t.me/c/2595202697/33868,"",,,
3584,Una Navidad muy Jonas Brothers (2025),https://t.me/c/2595202697/33872,"",,,
3585,zoopocalipsis (2025),https://t.me/c/2595202697/33876,"",,,
3586,Rape Zombie La lujuria de los muertos vivientes(2012)-Subtitulado,https://t.me/c/2595202697/33880,"",,,
3587,Rape Zombie 2 El extasis de los muertos vivientes (2013)-Subtitulado,https://t.me/c/2595202697/33884,"",,,
3589,Rape Zombie Lust of the Dead 4 (2014) - Subtitulada,https://t.me/c/2595202697/33892,"",,,
3590,Rape Zombie Lust of the Dead 5 (2014) - Subtitulado,https://t.me/c/2595202697/33896,"",,,
3588,Rape Zombie 3  Apocalipsis final(2013)- Subtitulado,https://t.me/c/2595202697/33888,"",,,
3591,kramer vs. kramer (1979),https://t.me/c/2595202697/33910,"",,,
3592,la mascara (1994),https://t.me/c/2595202697/33914,"",,,
3593,la mascara 2 - el hijo de la mascara (2005),https://t.me/c/2595202697/33918,"",,,
3594,demon slayer mugen train la pelicula (2020),https://t.me/c/2595202697/33927,"",,,
3595,demon slayer kimetsu no yaiba castillo infinito (2025),https://t.me/c/2595202697/33931,"",,,
3596,outlaw johnny black (2023),https://t.me/c/2595202697/33940,"",,,
3597,mentiroso compulsivo (liar liar) (1997),https://t.me/c/2595202697/33958,"",,,
3601,"10dance (2025)",https://t.me/c/2595202697/33975,"",,,
3602,amor y vino (2025),https://t.me/c/2595202697/33979,"",,,
3603,mision frontera (2025),https://t.me/c/2595202697/33983,"",,,
3604,cazando al asesino (2025),https://t.me/c/2595202697/33987,"",,,
3605,cronicas de exorcismo el comienzo (2024),https://t.me/c/2595202697/33991,"",,,
3606,dimelo bajito (2025),https://t.me/c/2595202697/33995,"",,,
3608,el falsecuestro (2025),https://t.me/c/2595202697/34010,"",,,
3600,el bunker (1981),https://t.me/c/2595202697/33971,nazis,,,
3598,hitler el reinado del mal (2003),https://t.me/c/2595202697/33963,nazis,,,
3599,el hundimiento (der untergang)  (2004),https://t.me/c/2595202697/33967,nazis,,,
3607,el diario de greg ¡esto es el colmo! (2025),https://t.me/c/2595202697/33999,animado,greg,https://media.themoviedb.org/t/p/w533_and_h300_face/v8tpkxm7AhLu69eaZKJLsNaSL5.jpg,
3610,eternidad (2025),https://t.me/c/2595202697/34018,"",,,
3611,feliz navidar con elmo y mark rober (2025),https://t.me/c/2595202697/34022,"",,,
3612,fuera de foco (2025),https://t.me/c/2595202697/34026,"",,,
3614,good boy confia en su instinto (2025),https://t.me/c/2595202697/34031,"",,,
3615,la primera nevada en fraggle rock (2025),https://t.me/c/2595202697/34035,"",,,
3410,euphoria(series),https://t.me/c/3719518424/3713,euphoria,,,
3617,Marshals Una historia de Yellowstone (series),https://t.me/c/3719518424/2,yellowstone,,,
3618,La Reina del Flow (series),https://t.me/c/3719518424/4451,reinaflow,,,
3619,Los Autos Locos (series),https://t.me/c/3719518424/4424,autoslocos,,,
3620,La familia Ingalls (series),https://t.me/c/3719518424/4189,ingalls,,,
3621,Bonanza (series),https://t.me/c/3719518424/3669,bonanza,,,
3622,Mujeres Asesinas (series),https://t.me/c/3719518424/3642,mujeresasesinas,,,
3623,La chica de la limpieza (series),https://t.me/c/3719518424/1983,chicalimpieza,,,
3624,Chicago Fire (series),https://t.me/c/3719518424/1636,chicagofire,,,
3625,El Auto Increible (series),https://t.me/c/3719518424/3567,autoincreible,,,
3626,El Auto Fantastico (series),https://t.me/c/3719518424/3460,autofantastico,,,
3627,Game of Thrones (series),https://t.me/c/3719518424/3355,thrones,,,
3628,Supernatural (series),https://t.me/c/3719518424/550,supernatural,,,
3629,Bones (series),https://t.me/c/3719518424/926,bones,,,
3630,"9-1-1: Lone Star (series)",https://t.me/c/3719518424/1371,lonestar,,,
3631,El Mentalista (series),https://t.me/c/3719518424/1462,mentalista,,,
3632,Diablo Guardian (series),https://t.me/c/3719518424/1908,diabloguardian,,,
3633,Los Halcones Galacticos (series),https://t.me/c/3719518424/2043,halcones,,,
3634,Dinosaurios (series),https://t.me/c/3719518424/2448,dinos,,,
3635,La Teoria del Big Bang (series),https://t.me/c/3719518424/2130,bigbang,,,
3636,ALF (series),https://t.me/c/3719518424/2824,alf,,,
3637,Animaniacs (series),https://t.me/c/3719518424/2949,animaniacs,,,
3638,Automan (series),https://t.me/c/3719518424/2999,automan,,,
3639,El santo (series),https://t.me/c/3719518424/3018,elsanto,,,
3640,ThunderCats (series),https://t.me/c/3719518424/3164,thundercats85,,,
3641,ThunderCats (2011) (series),https://t.me/c/3719518424/3303,thundercats11,,,
3642,Dos hombres y medio (series),https://t.me/c/3719518424/2526,doshombres,,,
3643,Combat! (series),https://t.me/c/3719518424/1945,combat,,,
3644,"9-1-1 (series)",https://t.me/c/3719518424/1216,"911",,,
3645,Anatomia segun Grey (series),https://t.me/c/3719518424/11,grey,,,
571,el francotirador(1978),https://t.me/c/2595202697/21500,"",,,
2528,sniper g.r.i.t. - global response & intelligence team (2023),https://t.me/c/2595202697/28912,,Sniper,,
124,mujer maravilla 1984 (2020),https://t.me/c/2595202697/19689,"",maravilla,,
982,el stand de los besos 3 (2021),https://t.me/c/2595202697/23176,"",Stand,,
1178,el stand de los besos (2018),https://t.me/c/2595202697/23961,"",Stand,,
253,mi primer beso 2(cast)(calidad media) (1994),https://t.me/c/2595202697/20201,"",beso,,
260,mi primer beso (1991),https://t.me/c/2595202697/20229,"",beso,,
2719,un lugar seguro 2 (2024),https://t.me/c/2595202697/29667,"",lugar,,
2467,el diario de greg en navidad atrapados en la nieve (2023),https://t.me/c/2595202697/28675,"",greg,,
1014,el diario de greg (2021),https://t.me/c/2595202697/23304,"",greg,,
1831,el diario de greg: las reglas de rodrick (2022),https://t.me/c/2595202697/26208,"",greg,,
1276,blanco perfecto (1993),https://t.me/c/2595202697/24346,"",Sniper,,
1474,sniper al límite (2011),https://t.me/c/2595202697/24799,"",Sniper,,
3270,sniper: la ultima resistencia (2025),https://t.me/c/2595202697/32159,"",Sniper,,
1392,el francotirador 2 (2002),https://t.me/c/2595202697/24479,"",Sniper,,
1536,francotirador - el legado (2014),https://t.me/c/2595202697/25043,"",Sniper,,
1618,francotirador 6 el tirador fantasma (2016),https://t.me/c/2595202697/25372,"",Sniper,,
1748,francotirador el fin del asesino (2020),https://t.me/c/2595202697/25893,"",Sniper,,
2021,francotirador mision secreta (2022),https://t.me/c/2595202697/26968,Sniper,Sniper,,
2720,the dry 2 la fuerza de la naturaleza(2024),https://t.me/c/2595202697/29671,"",dry,,
745,plaga zombie zona mutante revolución toxica (2012),https://t.me/c/2595202697/22204,"",plaga,,
536,plaga zombie zona mutante (2001),https://t.me/c/2595202697/21359,"",plaga,,
656,la mascara del zorro (1998),https://t.me/c/2595202697/21854,"",zorro,,
678,la leyenda del zorro (2005),https://t.me/c/2595202697/21940,"",zorro,,
2054,caceria en venecia (2023),https://t.me/c/2595202697/27101,"",poirot,,
880,iron man 2 (2010),https://t.me/c/2595202697/22769,"",iron,,
925,iron man - el hombre de hierro (2008),https://t.me/c/2595202697/22952,"",iron,,
1127,tras lineas enemigas 3 (2009),https://t.me/c/2595202697/23765,"",lineas,,
681,criaturas salvajes 3 (2005),https://t.me/c/2595202697/21952,"",criaturas,,
1398,criaturas salvajes 2 (2004),https://t.me/c/2595202697/24504,"",criaturas,,
3646,bad boys hasta la muerte (2024),https://t.me/c/2595202697/34050,"",boys,,
1057,ant-man el hombre hormiga (2015,https://t.me/c/2595202697/23485,"",ant,,
2597,invicto 2 el ultimo hombre en pie (2006),https://t.me/c/2595202697/29190,"",invicto,,
2124,royalteen la princesa margrethe (2023),https://t.me/c/2595202697/27380,"",royalteen,,
313,carrie 2 la ira (1999),https://t.me/c/2595202697/20457,"",carrie,,
154,tiburon 4 la venganza (1987),https://t.me/c/2595202697/19807,"",tiburon,,
563,el juego de la muerte (1978),https://t.me/c/2595202697/21468,"",lee,,
1483,asterix la residencia de los dioses (2014),https://t.me/c/2595202697/24836,"",asterix,,
823,asterix y la sorpresa del cesar (1985),https://t.me/c/2595202697/22526,"",asterix,,
497,las doce pruebas de asterix (1976),https://t.me/c/2595202697/21210,"",asterix,,
1281,asterix & obelix mission cleopatra (2002)(subtitulado),https://t.me/c/2595202697/24363,"",obelix,,
213,el ejercito de las tinieblas (1992)(evil dead - colección),https://t.me/c/2595202697/20043,"",evil,,
2136,la princesa encantada mucho mas que para siempre (2023),https://t.me/c/2595202697/27428,"",princesa,,
1683,la princesa encantada una boda real (2020),https://t.me/c/2595202697/25638,"",princesa,,
2639,la princesa encantada el reino de la musica (2019),https://t.me/c/2595202697/29356,"",princesa,,
1550,la princesa encantada aventura pirata (2016),https://t.me/c/2595202697/25100,"",princesa,,
3647,rapidos y furiosos hobbs y shaw (2019),https://t.me/c/2595202697/34063,"",furioso,,
2534,la biblia moises (1995),https://t.me/c/2595202697/28937,,biblia,,
354,amigos de jesus - jose de nazaret (2000),https://t.me/c/2595202697/20615,"",biblia,,
2148,los tres mosqueteros milady (2023),https://t.me/c/2595202697/27476,"",mosqueteros,,
994,dios no esta muerto 4 (god’s not dead we the people) (subtitulado)(2021),https://t.me/c/2595202697/23224,"",dios,,
2218,john wick 4 (2023),https://t.me/c/2595202697/27756,"",wick,,
1067,maze runner prueba de fuego (2015),https://t.me/c/2595202697/23525,"",runner,,
1189,maze runner la cura mortal (2018),https://t.me/c/2595202697/24005,"",runner,,
842,la leyenda de la nahuala (2007),https://t.me/c/2595202697/22603,"",leyenda,,
3663,Loco (2024),https://t.me/c/2595202697/34168,"",,,
1494,los caballeros del zodiaco la leyenda del santuario (2014),https://t.me/c/2595202697/24880,"",zodiaco,,
1404,los caballeros del zodiaco obertura del cielo (2004),https://t.me/c/2595202697/24528,"",zodiaco,,
2254,winnie the pooh sangre y miel (2023),https://t.me/c/2595202697/27900,"",winnie,,
722,prometeo(prometheus)(2012),https://t.me/c/2595202697/22115,"",prometeo,,
1196,agatha y la verdad del crimen (2018)(castellano),https://t.me/c/2595202697/24033,"",agatha,,
1688,agatha and the midnight murders (2020)(subtitulado),https://t.me/c/2595202697/25655,"",agatha,,
2643,agatha y la maldicion de ishtar (2019)(subtitulado),https://t.me/c/2595202697/29369,"",agatha,,
422,los siete magníficos (1960),https://t.me/c/2595202697/20904,"",siete,,
2294,"10 dias de un buen hombre (2023)",https://t.me/c/2595202697/28042,"","10dias",,
119,indiana jones y los cazadores del arca perdida (1981),https://t.me/c/2595202697/19665,"",indiana,,
2781,loud house no hay tiempo para espiar (2024),https://t.me/c/2595202697/29906,"",house,,
504,jesus de nazareth parte 2 (1977),https://t.me/c/2595202697/21236,"",nazareth,,
505,jesus de nazareth parte 3(1977),https://t.me/c/2595202697/21237,"",nazareth,,
506,jesus de nazareth parte 4 (1977),https://t.me/c/2595202697/21238,"",nazareth,,
2905,destino final lazos de sangre (2025),https://t.me/c/2595202697/30593,"",destinof,,
2322,"20.0 megaquake (2023)(subtitulado)",https://t.me/c/2595202697/28145,"",asylum,,
1336,la momia(1932),https://t.me/c/2595202697/30590,"",momiau,,
3649,jovenes brujas (1996),https://t.me/c/2595202697/34089,"",jovenesb,,
3650,From(Series),https://t.me/c/3719518424/4550,"",,,
1511,el planeta de los simios 2: confrontacion (2014),https://t.me/c/2595202697/24946,"",planetao,,
625,la rebelion de los simios (1972),https://t.me/c/2595202697/21727,"",planetaori,,
2364,el exorcista creyente (2023),https://t.me/c/2595202697/28304,"",elexorcista,,
728,"007 operacion skyfall(2012)",https://t.me/c/2595202697/22139,"","007",,
830,"007 en la mira de los asesinos(1985)",https://t.me/c/2595202697/22554,"","007",,
815,"007 al servicio secreto de su majestad(1969)",https://t.me/c/2595202697/22493,"","007",,
916,"007 mision espacial(1979)",https://t.me/c/2595202697/22915,"","007",,
122,"007 solo para tus ojos(1981)",https://t.me/c/2595202697/19677,"","007",,
3648,las leyendas el origen (2021),https://t.me/c/2595202697/34082,animado,leyenda,https://media.themoviedb.org/t/p/w533_and_h300_face/iGOzuXMymytSWdB8w2R04uyDLAU.jpg,
3609,en busca de venganza (2023),https://t.me/c/2595202697/34014,"",venganza,https://media.themoviedb.org/t/p/w300_and_h450_face/ylw8dXTE9JlXNohstHqOA7Egxky.jpg,
3651,en busca de venganza 2 ciudad de lobos (2025),https://t.me/c/2595202697/34115,"",venganza,https://media.themoviedb.org/t/p/w300_and_h450_face/ylw8dXTE9JlXNohstHqOA7Egxky.jpg,
3652,cisza nocna (2024),https://t.me/c/2595202697/34124,"",,,
3653,cuatro madres (2025),https://t.me/c/2595202697/34128,"",,,
3655,disforia (2025),https://t.me/c/2595202697/34136,"",,,
3656,dracula la historia jamas contada (2014),https://t.me/c/2595202697/34140,"",,,
3657,El hada novata (Un simple deseo)(1997),https://t.me/c/2595202697/34144,"",,,
3654,Destructor de mundos (Worldbreaker)(2025),https://t.me/c/2595202697/34132,"",,,
3658,el socio de la muerte (2025),https://t.me/c/2595202697/34148,"",,,
3659,el testimonio de anne lee (2025),https://t.me/c/2595202697/34152,"",,,
3660,la misteriosa mirada del flamenco (2025),https://t.me/c/2595202697/34156,"",,,
3661,la vigilante del futuro ghost in the shell (2017),https://t.me/c/2595202697/34160,"",,,
3662,ladrona de identidades (2013),https://t.me/c/2595202697/34164,"",,,
3664,Monstruos de California (2023),https://t.me/c/2595202697/34172,"",,,
3665,Mujeres de negro (2023),https://t.me/c/2595202697/34176,"",,,
3666,rebelion en la granja (2026),https://t.me/c/2595202697/34180,"",,,
3667,triple 9 (2016),https://t.me/c/2595202697/34184,"",,,
3668,hackers ningun sistema es seguro (2014),https://t.me/c/2595202697/34188,"",,,
3669,cara a cara (2021),https://t.me/c/2595202697/34192,"",,,
3672,dios no esta muerto 5 (2024)-subtitulada,https://t.me/c/2595202697/34208,"",,,
3671,Dios NO esta muerto 5 (2024)-subtitulada,https://t.me/c/2595202697/34200,"",dios,,
3673,"10 dias de un hombre curioso (2024)",https://t.me/c/2595202697/34213,"","10dias",,
3674,Red Sonja (2025)-subtitulada,https://t.me/c/2595202697/34223,"",,,
3675,jack en la caja maldita 3 (2024),https://t.me/c/2595202697/34227,"",jackc,,
3676,super (2010),https://t.me/c/2595202697/34237,"",,,
3677,criaturas rastreras (slither) (2006),https://t.me/c/2595202697/34241,"",,,
3678,michael (2026),https://t.me/c/2595202697/34245,"",,,
3679,couture alta costura (2025),https://t.me/c/2595202697/34249,"",,,
3680,el susurro (2025),https://t.me/c/2595202697/34253,"",,,
3681,la caja azul (2026),https://t.me/c/2595202697/34257,"",,,
3682,apex depredador dominante (2026),https://t.me/c/2595202697/34263,"",,,
3683,el te ve mientras duermes (2024),https://t.me/c/2595202697/34267,"",,,
3684,el ultimo conquistador (2026),https://t.me/c/2595202697/34271,"",,,
3685,espantoso (2026),https://t.me/c/2595202697/34275,"",,,
3686,halloween la noche del espantapajaros (2025),https://t.me/c/2595202697/34279,"",,,
3687,instinto implacable (2026),https://t.me/c/2595202697/34283,"",,,
3689,La criatura mutante (2020),https://t.me/c/2595202697/34289,"",,,
3690,"¡ay, mama! (2026)",https://t.me/c/2595202697/34299,"",,,
3691,"13 dias, 13 noches (2025)",https://t.me/c/2595202697/34302,"",,,
3692,chavin de huantar el rescate del siglo (2025),https://t.me/c/2595202697/34306,"",,,
3693,dejando neverland parte1(2019),https://t.me/c/2595202697/34310,"",,,
3694,dejando neverland parte 2(2019),https://t.me/c/2595202697/34311,"",,,
3695,dibu martinez el pibe que ataja el tiempo (2026),https://t.me/c/2595202697/34315,"",,,
3697,el mago del kremlin (2025),https://t.me/c/2595202697/34323,"",,,
3698,la chica del perdon (2025),https://t.me/c/2595202697/34327,"",,,
3699,el regreso de mary poppins (2018),https://t.me/c/2595202697/34331,"",,,
3701,la casaca de dios (2026),https://t.me/c/2595202697/34339,"",,,
3702,la medium (2021),https://t.me/c/2595202697/34343,"",,,
3703,lujuria en el convento (2017),https://t.me/c/2595202697/34347,"",,,
3704,milky☆subway the galactic limited express - la pelicula (2026),https://t.me/c/2595202697/34351,"",,,
3705,"moon, mi amigo panda (2025)",https://t.me/c/2595202697/34355,"",,,
3706,Psycho Killer Asesino serial (2026),https://t.me/c/2595202697/34359,"",,,
3709,scooby-doo! el comienzo del misterio (2009),https://t.me/c/2595202697/34371,"",scoobydoo,,
3707,scooby-doo (2002),https://t.me/c/2595202697/34363,"",scoobydoo,,
3708,scooby-doo 2 monstruos sueltos (2004),https://t.me/c/2595202697/34367,"",scoobydoo,,
3710,scooby-doo! la maldicion del monstruo del lago (2010),https://t.me/c/2595202697/34375,"",scoobydoo,,
3711,siete hombres y una sentencia (2025),https://t.me/c/2595202697/34386,"",,,
3712,togo: la verdadera historia (2019),https://t.me/c/2595202697/34390,"",,,
3713,Vaqueros y extraterrestres (2011),https://t.me/c/2595202697/34394,"",,,
3714,ven a volar conmigo (2026),https://t.me/c/2595202697/34398,"",,,
3715,viejos bandidos (2026),https://t.me/c/2595202697/34402,"",,,
3716,zona de riesgo (2026),https://t.me/c/2595202697/34406,"",,,
3717,sueños de libertad (2013),https://t.me/c/2595202697/34410,"",,,
3718,tres dias y una vida (2019)-subtitulado,https://t.me/c/2595202697/34414,"",,,
3719,sueño de fuga (1994),https://t.me/c/2595202697/34418,"",,,
3720,k-pops! (2026),https://t.me/c/2595202697/34422,"",,,
3738,australia vs. turquia-mundial 2026,https://t.me/c/2595202697/34490,"",,,
2,luces de la ciudad (1931),https://t.me/c/2595202697/19308,"",,https://media.themoviedb.org/t/p/w533_and_h300_face/Ma7mQsldFCaQpsZbm8zolgLfmV.jpg,"Resumen:
City Lights es la primera película muda que Charlie Chaplin dirigió después de establecerse con películas acompañadas de sonido.
La película trata sobre un hombre sin dinero que se enamora de una niña de las flores.
"
3721,ceremonia mundial 2026,https://t.me/c/2595202697/34431,"",,,
3722,mexico vs sudafrica-mundial 2026,https://t.me/c/2595202697/34433,"",,,
3723,resumen y goles de méxico vs. sudafrica-mundial 2026,https://t.me/c/2595202697/34434,"",,,
3724,corea del sur vs chequia-mundial 2026,https://t.me/c/2595202697/34439,"",,,
3739,resumen y goles-australia vs. turquia-mundial 2026,https://t.me/c/2595202697/34491,"",,,
3725,resumen y goles corea del sur vs chequia- mundial 2026,https://t.me/c/2595202697/34440,"",,,
3726,canada vs bosnia y herzegovina-mundial 2026,https://t.me/c/2595202697/34446,"",,,
3727,resumen y goles-canada vs bosnia y herzegovina- mundial 2026,https://t.me/c/2595202697/34447,"",,,
3728,catar vs suiza-mundial 2026,https://t.me/c/2595202697/34452,"",,,
3729,resumen y goles-catar vs suiza-mundial 2026,https://t.me/c/2595202697/34453,"",,,
3730,estados unidos vs paraguay-mundial 2026,https://t.me/c/2595202697/34460,"",,,
3731,resumen y goles-estados unidos vs paraguay-mundial 2026,https://t.me/c/2595202697/34461,"",,,
3732,catar vs suiza-mundial 2026,https://t.me/c/2595202697/34466,"",,,
3733,resumen y goles-catar vs suiza-mundial 2026,https://t.me/c/2595202697/34467,"",,,
3734,brasil vs. marruecos-mundial 2026,https://t.me/c/2595202697/34476,"",,,
3735,resumen y goles-brasil vs. marruecos-mundial 2026,https://t.me/c/2595202697/34477,"",,,
3736,haiti vs. escocia-mundial 2026,https://t.me/c/2595202697/34483,"",,,
3737,resumen y goles-haiti vs. escocia-mundial 2026,https://t.me/c/2595202697/34484,"",,,
3740,alemania vs. curazao-mundial 2026,https://t.me/c/2595202697/34496,"",,,
3741,resumen y goles-alemania vs. curazao-mundial 2026,https://t.me/c/2595202697/34497,"",,,
3742,paises bajos vs. japon- mundial 2026,https://t.me/c/2595202697/34505,"",,,
3743,resumen y goles-paises bajos vs. japon- mundial 2026,https://t.me/c/2595202697/34506,"",,,
3744,costa de marfil vs. ecuador-mundial 2026,https://t.me/c/2595202697/34511,"",,,
3745,resumen y goles-costa de marfil vs. ecuador-mundial 2026,https://t.me/c/2595202697/34512,"",,,
3750,suecia vs tunez -mundial 2026,https://t.me/c/2595202697/34532,"",,,
3751,resumen y goles -suecia vs tunez -mundial 2026,https://t.me/c/2595202697/34533,"",,,
3752,españa vs. cabo verde-mundial 2026,https://t.me/c/2595202697/34538,"",,,
3753,resumen y goles-españa vs. cabo verde-mundial 2026,https://t.me/c/2595202697/34539,"",,,
3754,belgica vs egipto - mundial 2026,https://t.me/c/2595202697/34554,"",,,
3696,el cazador y la reina de hielo (2016),https://t.me/c/2595202697/34319,"",blancanievesc,,
3755,resumen y goles-belgica vs. egipto-mundial 2026,https://t.me/c/2595202697/34555,"",,,
3756,arabia saudita vs uruguay - mundial 2026,https://t.me/c/2595202697/34565,"",,,
3757,resumen y goles - arabia saudita vs uruguay - mundial 2026,https://t.me/c/2595202697/34566,"",,,
3758,iran vs. nueva zelanda - mundial 2026,https://t.me/c/2595202697/34572,"",,,
3759,resumen y goles - iran vs. nueva zelanda - mundial 2026,https://t.me/c/2595202697/34573,"",,,
3760,francia vs senegal - mundial 2026,https://t.me/c/2595202697/34579,"",,,
3761,resumen y goles - francia vs senegal - mundial 2026,https://t.me/c/2595202697/34580,"",,,
3762,En la ruta del crimen (2025),https://t.me/c/2595202697/34584,"",,,
3765,Juego mortal (2022),https://t.me/c/2595202697/34599,"",,,
3700,g.i. joe 2: el contraataque (2013),https://t.me/c/2595202697/34335,"",Joe,,
3763,g.i. joe el origen de cobra (2009),https://t.me/c/2595202697/34588,"",Joe,,
3766,la casa de la playa (2026),https://t.me/c/2595202697/34603,"",,,
3767,la desconocida (2026),https://t.me/c/2595202697/34607,"",,,
3768,el ultimo disparo (2023),https://t.me/c/2595202697/34611,"",,,
3769,mexico 86 (2026),https://t.me/c/2595202697/34615,"",,,
3770,muerte en la frontera (2023),https://t.me/c/2595202697/34619,"",,,
3771,operacion panda 2 la tribu magica (2026),https://t.me/c/2595202697/34623,"",operacionp,,
1304,operacion panda: mision rescate (熊猫计划) (2024),https://t.me/c/2595202697/30329,"",operacionp,,
3772,oscuros (2016),https://t.me/c/2595202697/34632,"",,,
3773,pasajero (2025),https://t.me/c/2595202697/34636,"",,,
3774,Risa y la cabina del viento (2025),https://t.me/c/2595202697/34640,"",,,
3775,solos (2026),https://t.me/c/2595202697/34644,"",,,
3776,turbulencia en la oficina (2026),https://t.me/c/2595202697/34648,"",,,
3670,star trek (2009),https://t.me/c/2595202697/34196,"",startt,,
3777,star trek en la oscuridad (2013),https://t.me/c/2595202697/34652,"",startt,,
3778,star trek sin limites (2016),https://t.me/c/2595202697/34656,"",startt,,
3779,instinto maternal (2026),https://t.me/c/2595202697/34666,"",,,
3780,en la zona gris (2026),https://t.me/c/2595202697/34670,"",,,
3781,Bebe robado El asesinato de Heidi Broussard (2023),https://t.me/c/2595202697/34674,"",,,
3782,"buena suerte, diviertete, no mueras (2025)",https://t.me/c/2595202697/34678,"",,,
3783,doblemente feliz (2026),https://t.me/c/2595202697/34682,"",,,
3784,el fantasma verde y los maestros de la piedra (2022),https://t.me/c/2595202697/34686,"",,,
3785,la casa torcida (2017),https://t.me/c/2595202697/34690,"",,,
3786,los colores del mal negro (2026),https://t.me/c/2595202697/34694,"",colres,,
3788,no hables con extraños (2024),https://t.me/c/2595202697/34707,"",,,
3789,operacion fox hunt (2025),https://t.me/c/2595202697/34711,"",,,
3790,pasajeros (2016),https://t.me/c/2595202697/34715,"",,,
3791,sobre tu cadaver (2026),https://t.me/c/2595202697/34719,"",,,
3792,una familia de bastardos (2026),https://t.me/c/2595202697/34723,"",,,
3793,el laberinto del fauno (2006)-castellano,https://t.me/c/2595202697/34727,"",,,
3794,"24 horas para vivir (2017)",https://t.me/c/2595202697/34731,"",,,
3795,castigo divino (2026),https://t.me/c/2595202697/34735,"",,,
3796,countdown la hora de tu muerte (2019),https://t.me/c/2595202697/34739,"",,,
3797,culpa tuya londres (2026),https://t.me/c/2595202697/34743,"",,,
2957,culpa mia londres (2025),https://t.me/c/2595202697/30910,"",cupamia,,
3798,el fantasma de mi mujer (2026),https://t.me/c/2595202697/34752,"",,,
3799,las reglas de la ruina (2018),https://t.me/c/2595202697/34756,"",,,
3800,la boda maldita (2026),https://t.me/c/2595202697/34760,"",,,
3804,undertone frecuencia maldita (2026),https://t.me/c/2595202697/34776,"",,https://media.themoviedb.org/t/p/w533_and_h300_face/abqhPVQsEj7hoCiltlDTotgNgwr.jpg,"Vista general:
La presentadora de un podcast sobre cosas espeluznantes se muda a casa de su madre moribunda para cuidar de ella. Cuando recibe grabaciones de audio de una joven pareja embarazada que experimenta ruidos paranormales, se da cuenta de que la historia de la mujer refleja la suya propia. Cada nueva grabación va minando su cordura, arrastrándola a un destino del que no puede escapar."
3806,,https://t.me/c/3719518424/4837,Derry,,,
3807,irak vs noruega - mundial 2026,https://t.me/c/2595202697/34796,"",,,
3808,resumen y goles - irak vs noruega - mundial 2026,https://t.me/c/2595202697/34797,"",,,
3809,argentina vs. argelia - mundial 2026,https://t.me/c/2595202697/34802,"",,,
3810,resumen y goles argentina vs. argelia - mundial 2026,https://t.me/c/2595202697/34803,"",,,
3811,austria vs jordania - mundial 2026,https://t.me/c/2595202697/34811,"",,,
3812,resumen y goles - austria vs jordania - mundial 2026,https://t.me/c/2595202697/34812,"",,,
3813,portugal vs rd congo - mundial 2026,https://t.me/c/2595202697/34817,"",,,
3814,resumen y goles - portugal vs rd congo - mundial 2026,https://t.me/c/2595202697/34818,"",,,
3815,inglaterra vs croacia - mundial 2026,https://t.me/c/2595202697/34826,"",,,
3816,resumen y goles - inglaterra vs croacia - mundial 2026,https://t.me/c/2595202697/34827,"",,,
3817,ghana vs panama - mundial 2026,https://t.me/c/2595202697/34832,"",,,
3818,resumen y goles ghana vs panama - mundial 2026,https://t.me/c/2595202697/34833,"",,,
3819,the pool (2018),https://t.me/c/2595202697/34839,"",,https://media.themoviedb.org/t/p/w533_and_h300_face/eq8XxmGnOElTB00ew6tQxBt9YnQ.jpg,"Vista general:
Al quedarse solo para limpiar una piscina desierta de 6 metros de profundidad, Day se queda dormido en una balsa hinchable. Cuando se despierta, el nivel del agua ha bajado tanto que no puede salir por sí mismo. Atrapado en la piscina, Day grita pidiendo ayuda, pero lo único que le oye es una criatura de una granja de cocodrilos cercana."
3801,los simpson extreme makeover - edicion homero (2026),https://t.me/c/2595202697/34764,"",,https://media.themoviedb.org/t/p/w533_and_h300_face/3IMPtvbL8BYlmPfeB9hbBSdlA0w.jpg,"Vista general:
La divertida cita de parejas de Homero y Marge se complica cuando Marge se entera de que Homero dejó a los niños sin supervisión, solamente con la cámara de entrada como niñera. Frustrada con su esposo imperfecto, Marge, medio mareada, imagina una trilogía de fantasías sobre un Homero diferente."
3864,resumen y goles - canada vs. catar - mundial 2026,https://t.me/c/2595202697/35017,"",,,
3820,terror bajo el agua (2007),https://t.me/c/2595202697/34843,"",,https://media.themoviedb.org/t/p/w533_and_h300_face/f1AwhrhefodXEBD5c5Z7zOyPnq9.jpg,"Vista general:
Pete (Michael Vartan) es un periodista americano que hace un reportaje sobre la industria turística en el norte de Australia. Allí se unirá a un grupo de excursionistas y a su hermosa guía, Kate (Radha Mitchell), para realizar un crucero por un río que atraviesa un parque natural australiano. Todo transcurre con normalidad hasta que, de repente, el barco es sacudido por un descomunal cocodrilo salvaje y se encalla en un islote. Cuando cae la noche, el grupo se convierte en una presa fácil para la bestia, y comienza una feroz lucha por la supervivencia en uno de los lugares más inhóspitos del mundo."
3805,blancanieves y el cazador (2012),https://t.me/c/2595202697/34780,"",blancanievesc,https://media.themoviedb.org/t/p/w533_and_h300_face/KBe9fHU5rVg4daoKnFwl1Cbc28.jpg,"Vista general:
Blancanieves es la única mujer que supera en belleza a la malvada reina Ravenna, y esta última hará todo lo posible por seguir siendo la más bella del reino. Pero no puede imaginar que la muchacha escapó de sus garras y que ahora amenaza su dominio con la ayuda de Eric el Cazador."
3803,proyecto el internado (2026),https://t.me/c/2595202697/34772,"",,https://media.themoviedb.org/t/p/w533_and_h300_face/eUERZRVjCTNdgnESlQxyaOJ2d4K.jpg,"Vista general:
Una asesina entrenada por la CIA recluta a otros graduados de su programa secreto de la infancia, The Internship, para destruir violentamente la organización. La CIA contraataca con fuerza letal."
3802,mi mejor enemiga (2026),https://t.me/c/2595202697/34768,"",,https://encrypted-tbn0.gstatic.com/images?q=tbn:ANd9GcQlgkTUwE0730F89cBx_o62E98yRAeGBEexGi23GQXo&s,"Vista general:
Valeria y sus excompañeros de colegio se reúnen veinticinco años después en el lugar donde compartieron su último verano inolvidable. En el reencuentro, salen a flote viejas rivalidades que los llevan a hilarantes situaciones en las que descubrirán el verdadero valor de la amistad y el peso del pasado en el presente."
3821,IT: Bienvenidos a Derry (2025)(Series),https://t.me/c/3719518424/4837,"",,https://media.themoviedb.org/t/p/w533_and_h300_face/2fOKVDoc2O3eZmBZesWPuE5kgPN.jpg,"Vista general;
En 1958, un grupo de siete amigos están empezando a ver cosas extrañas en el tranquilo pueblito Derry. Con el tiempo, descubren que todos estaban viendo lo mismo: un ser sobrenatural y malvado que puede adoptar muchas formas."
3822,Suits (sERIES),https://t.me/c/3719518424/4944,"",,https://media.themoviedb.org/t/p/w533_and_h300_face/or0E36KfzJYZwqXeiCfm1JgepKF.jpg,"Vista general:
Mike Ross es un joven con una mente brillante que siempre ha soñado con ser abogado, pero un incidente desafortunado le impide cumplirlo. Naturalmente inteligente y con una memoria eidética (fotográfica), se gana la vida suplantando a otros en los exámenes de admisión para la escuela de derecho. Envuelto en un encargo de tráfico de drogas, Mike sospecha que le han tendido una trampa y consigue deshacerse de la policía al colarse en una entrevista de trabajo para uno de los bufetes más importantes de Nueva York (Pearson Hardman), con Harvey Specter."
3823,La Agencia (Series),https://t.me/c/3719518424/4917,"",,https://media.themoviedb.org/t/p/w533_and_h300_face/9itOpkXcVrJDlGvRDMaLjUdTwrs.jpg,"Vista general:
Martian, agente encubierto de la CIA, recibe la orden de volver a la estación de Londres. Cuando el amor que dejó atrás reaparece inesperadamente, su romance se reaviva y ambos se ven envueltos en un juego mortal de intriga y espionaje internacional."
3824,Avatar: La leyenda de Aang (Series),https://t.me/c/3719518424/4894,"",,https://media.themoviedb.org/t/p/w533_and_h300_face/xUB3xFMgsHgPmdWnUWkHTJ03vHa.jpg,"Vista general:
Un chico dice ser el próximo Avatar, por lo cual debe aprender a dominar los cuatro elementos y salvar al mundo de una guerra contra un enemigo tan ambicioso como despiadado."
3825,"Besos, Kitty (Series)",https://t.me/c/3719518424/4854,"",,https://media.themoviedb.org/t/p/w533_and_h300_face/7c0njGieQajZIqW6pAqYaPM83qM.jpg,"Vista general:
Siguiendo la voz de su corazón, Kitty, la celestina, llega a una escuela en Seúl. Allí, descubre que la vida, el amor y la familia son más complicados de lo que imaginaba..."
3826,Como agua para chocolate(Series),https://t.me/c/3719518424/5002,"",,https://media.themoviedb.org/t/p/w533_and_h300_face/bRxuoLvkb1MA9b9VYGhDAEOelhb.jpg,"Vista general:
Tita De la Garza y Pedro Múzquiz, son dos almas enamoradas que no pueden estar juntos debido a arraigadas costumbres familiares. Entonces Tita navega los tintes y sabores mágicos entre el destino dictado por su familia y la lucha por su amor en la cocina, su mayor refugio. Adaptación de HBO de la novela de Laura Esquivel."
3420,como agua para chocolate (1992),https://t.me/c/2595202697/32813,"",,https://media.themoviedb.org/t/p/w533_and_h300_face/fi7gBF2nfIGWF9MuOhuEr6rkgBQ.jpg,"Vista general:
Tita está apasionadamente enamorada de Pedro, pero su madre controladora le prohíbe casarse con él. Cuando Pedro se casa con su hermana, Tita se lanza a cocinar y descubre que puede trasladar sus emociones a través de la comida que prepara, contagiando a todos los que la comen con su intenso desamor."
1,la asesina (1993),https://t.me/c/2595202697/24246,"",,https://media.themoviedb.org/t/p/w533_and_h300_face/ntVr6yFJx0d5j4iHH8J5Va3qQJK.jpg,"Vista general:
Maggie es una asesina drogadicta que aguarda en la cárcel el día de su ejecución. Su destino cambiará cuando un agente especializado en crímenes de Estado decide reclutarla para su equipo. Para ella sólo hay dos caminos: la muerte o convertirse en una máquina de matar al servicio del Estado. De su transformación física y moral se ocupan Bob y Amanda, que hacen de ella una joven sofisticada."
3827,scary movie una pelicula de miedo (2000),https://t.me/c/2595202697/34858,"",scary,,
3828,scary movie 2 otra película de miedo (2001),https://t.me/c/2595202697/34862,"",scary,,
3857,uzbekistan vs. colombia - mundial 2026,https://t.me/c/2595202697/34998,"",,,
3830,scary movie 4 descuartizados de miedo (2006),https://t.me/c/2595202697/34870,"",scary,,
3829,scary movie 3 (2003),https://t.me/c/2595202697/34866,"",scary,,
3831,scary movie 5 (2013),https://t.me/c/2595202697/34874,"",scary,,
3833,tomb raider las aventuras de lara croft (2018),https://t.me/c/2595202697/34891,"",,,
3834,star wars: the mandalorian and grogu (2026),https://t.me/c/2595202697/34895,"",,,
3835,the amazing digital circus el ultimo acto (2026),https://t.me/c/2595202697/34899,"",,,
3836,silencio (2016),https://t.me/c/2595202697/34903,"",,,
3837,retratos del apocalipsis (2025),https://t.me/c/2595202697/34907,"",,,
3838,rastreado (2025),https://t.me/c/2595202697/34911,"",,,
3839,sueños galacticos (2026),https://t.me/c/2595202697/34915,"",,,
3840,parto maldito (2025),https://t.me/c/2595202697/34919,"",,,
3841,la noche perdida (사라진 밤)(2018),https://t.me/c/2595202697/34923,"",,,
3842,miss kobayashi’s dragon maid a lonely dragon wants to be loved (2025),https://t.me/c/2595202697/34927,"",,,
3843,mensajes de voz para isabelle (2026),https://t.me/c/2595202697/34931,"",,,
3844,maridos en accion (2026),https://t.me/c/2595202697/34935,"",,,
3845,maligno (2019),https://t.me/c/2595202697/34939,"",,,
3846,las ovejas detectives (2026),https://t.me/c/2595202697/34943,"",,,
3847,la novia del diablo (2025),https://t.me/c/2595202697/34947,"",,,
3848,la familia del barrio la maldicion del quinto partido (2026),https://t.me/c/2595202697/34951,"",barriof,,
3849,hokum la maldicion de la bruja (2026),https://t.me/c/2595202697/34960,"",,,
3850,exit 8 (2025),https://t.me/c/2595202697/34964,"",,,
3851,el golpe final (2026),https://t.me/c/2595202697/34968,"",,,
3852,amos del universo (1987),https://t.me/c/2595202697/34972,"",,,
3853,amos del universo (2026),https://t.me/c/2595202697/34976,"",,,
3854,la presencia (2020),https://t.me/c/2595202697/34980,"",,,
3855,despues del apocalipsis (2018),https://t.me/c/2595202697/34988,"",,,
3856,scary movie terroríficamente incorrecta (2026),https://t.me/c/2595202697/34992,"",,,
3858,resumen y goles - uzbekistan vs. colombia - mundial 2026,https://t.me/c/2595202697/34999,"",,,
3859,republica checa vs. sudafrica - mundial 2026,https://t.me/c/2595202697/35004,"",,,
3860,resumen y goles - republica checa vs. sudafrica - mundial 2026,https://t.me/c/2595202697/35005,"",,,
3861,suiza vs. bosnia y herzegovina - mundial 2026,https://t.me/c/2595202697/35010,"",,,
3862,resumen y goles - suiza vs. bosnia y herzegovina - mundial 2026,https://t.me/c/2595202697/35011,"",,,
3863,canada vs. catar - mundial 2026,https://t.me/c/2595202697/35016,"",,,
3865,mexico vs. corea del sur - mundial 2026,https://t.me/c/2595202697/35022,"",,,
3866,resumen y goles - mexico vs. corea del sur - mundial 2026,https://t.me/c/2595202697/35023,"",,,
3867,estados unidos vs. australia - mundial 2026,https://t.me/c/2595202697/35028,"",,,
3868,resumen y goles - estados unidos vs. australia - mundial 2026,https://t.me/c/2595202697/35029,"",,,
3869,escocia vs. marruecos - mundial 2026,https://t.me/c/2595202697/35034,"",,,
3870,resumen y goles - escocia vs. marruecos - mundial 2026,https://t.me/c/2595202697/35035,"",,,
3871,brasil vs. haiti - mundial 2026,https://t.me/c/2595202697/35050,"",,,
3872,resumen y goles - brasil vs. haiti - mundial 2026,https://t.me/c/2595202697/35051,"",,,
3875,enterramos a los muertos (2026),https://t.me/c/2595202697/35061,"",,,
3877,el ultimo camino (2009),https://t.me/c/2595202697/35071,"",,,
3879,abuela tremenda (2026),https://t.me/c/2595202697/35081,"",,,
3883,toy story 4 (2019),https://t.me/c/2595202697/35097,animado,toystory,,
3881,toy story 2 (1999),https://t.me/c/2595202697/35089,animado,toystory,,
3880,toy story 1 (1995),https://t.me/c/2595202697/35085,animado,toystory,,
3876,toy story 5 (2026),https://t.me/c/2595202697/35067,animado,toystory,https://media.themoviedb.org/t/p/w533_and_h300_face/4D1pdB27uph7J8HQzNf8QvvH9bn.jpg,
3882,toy story 3 (2010),https://t.me/c/2595202697/35093,animado,toystory,,
3884,el mal (2025),https://t.me/c/2595202697/35113,"",,,
3885,el primer hombre en la luna (2018),https://t.me/c/2595202697/35117,"",,,
3886,super 8 (2011),https://t.me/c/2595202697/35121,"",,,
3887,temporada de sangre (2025),https://t.me/c/2595202697/35125,"",,,
3888,balistica (2025),https://t.me/c/2595202697/35129,"",,,
3889,iron maiden burning ambition (2026),https://t.me/c/2595202697/35133,"",,,
3890,espiritus ocultos: en compañia del miedo (2003),https://t.me/c/2595202697/35137,"",,,
3892,xeno: amistad desde el mas alla (2025),https://t.me/c/2595202697/35148,"",,,
3893,obsesion (2026),https://t.me/c/2595202697/35152,"",,,
3891,enola holmes 3 (2026),https://t.me/c/2595202697/35141,"",enola,,
3894,dolly juega conmigo (2026),https://t.me/c/2595202697/35159,"",,,
3896,strung (2026),https://t.me/c/2595202697/35167,"",,,
3897,el manuscrito de dante (2025),https://t.me/c/2595202697/35173,"",,,
3898,hermanito (2026),https://t.me/c/2595202697/35177,"",,,
3899,el final (2010),https://t.me/c/2595202697/35182,"",,,
3900,licencia para robar (2025),https://t.me/c/2595202697/35186,"",,,
3895,torrente presidente (2026),https://t.me/c/2595202697/35163,"",torrente,,
3901,"torrente, el brazo tonto de la ley (1998)",https://t.me/c/2595202697/35190,"",torrente,,
3903,torrente 3 el protector (2005),https://t.me/c/2595202697/35198,"",torrente,,
3902,torrente 2 mision en marbella (2001),https://t.me/c/2595202697/35194,"",torrente,,
3904,torrente 4 lethal crisis (crisis letal) (2011),https://t.me/c/2595202697/35202,"",torrente,,
3905,torrente 5 operacion eurovegas (2014),https://t.me/c/2595202697/35206,"",torrente,,
3907,mufasa el rey leon (2024),https://t.me/c/2595202697/35229,,reyleonr,,
3906,el rey leon (2019),https://t.me/c/2595202697/35225,"",reyleonr,,
3908,infancia sombria (2025),https://t.me/c/2595202697/35238,"",,,
3909,la familia mcmullen (2025),https://t.me/c/2595202697/35242,"",,,
3911,la navidad en sus manos 2 (2025),https://t.me/c/2595202697/35250,"",navidadens,,
3910,la navidad en sus manos (2023),https://t.me/c/2595202697/35246,"",navidadens,,
3912,mirreyes contra godinez un especial de navidad (2025),https://t.me/c/2595202697/35259,"",,,
3913,no alimentes a los niños (2025),https://t.me/c/2595202697/35263,"",,,
3914,noviembre (2025),https://t.me/c/2595202697/35267,"",,,
3915,nunca te rindas (2025),https://t.me/c/2595202697/35271,"",,,
3916,otro amor fuera de tiempo (2025),https://t.me/c/2595202697/35275,"",,,
3917,paw patrol especial de navidad (2025),https://t.me/c/2595202697/35279,"",,,
3918,solitaria es la noche los crimenes de la familia bansal (2025),https://t.me/c/2595202697/35283,"",,,
3919,stephen (2025),https://t.me/c/2595202697/35287,"",,,
3920,Una Pelicula de Navidad de Loud House Loud Travieso o Loud Bueno (2025),https://t.me/c/2595202697/35291,"",,,
3921,un metodo peligroso (2011),https://t.me/c/2595202697/35295,"",,,
3922,Esto No Es Un Misterioso Asesinato(2025)(Series),https://t.me/c/3719518424/5132,"",,,
3923,Verano del 36 (2026)(series),https://t.me/c/3719518424/5155,"",,,
3924,No tengo miedo (2026)(series),https://t.me/c/3719518424/5144,"",,,
3925,Cabo de miedo (2026)(Series),https://t.me/c/3719518424/4600,"",,,
3927,la flaqueza del bolchevique (2003),https://t.me/c/2595202697/35305,"",,,
3928,shaft (2000),https://t.me/c/2595202697/35309,"",shaftrebot,,
3929,shaft (2019),https://t.me/c/2595202697/35313,"",shaftrebot,,
3930,shaft (1971),https://t.me/c/2595202697/35322,"",Shaft1,,
3931,shaft's big score! (1972),https://t.me/c/2595202697/35326,"",Shaft1,,
3932,shaft in africa (1973),https://t.me/c/2595202697/35330,"",Shaft1,,
3933,Fiebre del oro rio revuelto (Series),https://t.me/c/3719518424/5174,"",,,
3878,"bem, un lemur en fuga (2026)",https://t.me/c/2595202697/35075,animado,,https://media.themoviedb.org/t/p/w533_and_h300_face/rE6mfXJ7Q8wRRHtvZYfENWIkG3B.jpg,
3934,El polígamo (2026)(Series),https://t.me/c/3719518424/5217,"",,,
3935,turquia vs paraguay - mundial 2026,https://t.me/c/2595202697/35338,"",,,
3936,resumen y goles - turquia vs paraguay - mundial 2026,https://t.me/c/2595202697/35339,"",,,
3937,alemania vs. costa de marfil - mundial 2026,https://t.me/c/2595202697/35342,"",,,
3938,resumen y goles - alemania vs. costa de marfil - mundial 2026,https://t.me/c/2595202697/35343,"",,,
3939,paises bajos vs. suecia - mundoal 2026,https://t.me/c/2595202697/35348,"",,,
3940,resumen y goles - paises bajos vs. suecia - mundial 2026,https://t.me/c/2595202697/35349,"",,,
3941,tunez vs. japon - mundial 2026,https://t.me/c/2595202697/35354,"",,,
3942,resumen y goles - tunez vs. japon - mundial 2026,https://t.me/c/2595202697/35355,"",,,
3943,ecuador vs . curazao - mundial 2026,https://t.me/c/2595202697/35360,"",,,
3944,resumen y goles - ecuador vs . curazao - mundial 2026,https://t.me/c/2595202697/35361,"",,,
3945,españa vs. arabia saudita - mundial 2026,https://t.me/c/2595202697/35366,"",,,
3946,resumen y goles - españa vs. arabia saudita - mundial 2026,https://t.me/c/2595202697/35367,"",,,
3947,belgica vs. iran - mundial 2026,https://t.me/c/2595202697/35372,"",,,
3948,resumen y goles - belgica vs. iran - mundial 2026,https://t.me/c/2595202697/35373,"",,,
3949,nueva zelanda vs egipto - mundial 2026,https://t.me/c/2595202697/35378,"",,,
3950,resumen y goles - nueva zelanda vs egipto - mundial 2026,https://t.me/c/2595202697/35379,"",,,
3951,uruguay vs cabo verde - mundial 2026,https://t.me/c/2595202697/35384,"",,,
3952,resumen y goles - uruguay vs cabo verde - mundial 2026,https://t.me/c/2595202697/35385,"",,,
3953,alemania vs. costa de marfil - mundial 2026,https://t.me/c/2595202697/35394,"",,,
3954,resumen y goles - alemania vs. costa de marfil - mundial 2026,https://t.me/c/2595202697/35395,"",,,
3955,ecuador vs . curazao - mundial 2026,https://t.me/c/2595202697/35401,"",,,
3956,resumen y goles - ecuador vs . curazao - mundial 2026,https://t.me/c/2595202697/35402,"",,,
3957,tunez vs. japon - mundial 2026,https://t.me/c/2595202697/35408,"",,,
3958,resumen y goles - tunez vs. japon - mundial 2026,https://t.me/c/2595202697/35409,"",,,
3959,españa vs. arabia saudita - mundial 2026,https://t.me/c/2595202697/35414,"",,,
3960,resumen y goles - españa vs. arabia saudita - mundial 2026,https://t.me/c/2595202697/35415,"",,,
3961,belgica vs. iran - mundial 2026,https://t.me/c/2595202697/35421,"",,,
3962,resumen y goles - belgica vs. iran - mundial 2026,https://t.me/c/2595202697/35422,"",,,
3963,españa vs. arabia saudita - mundial 2026,https://t.me/c/2595202697/35426,"",,,
3964,resumen y goles - españa vs. arabia saudita - mundial 2026,https://t.me/c/2595202697/35427,"",,,
3965,belgica vs. iran - mundial 2026,https://t.me/c/2595202697/35433,"",,,
3966,resumen y goles - belgica vs. iran - mundial 2026,https://t.me/c/2595202697/35434,"",,,
3967,uruguay vs cabo verde - mundial 2026,https://t.me/c/2595202697/35439,"",,,
3968,resumen y goles - uruguay vs cabo verde - mundial 2026,https://t.me/c/2595202697/35440,"",,,
3969,nueva zelanda vs egipto - mundial 2026,https://t.me/c/2595202697/35445,"",,,
3970,resumen y goles - nueva zelanda vs egipto - mundial 2026,https://t.me/c/2595202697/35446,"",,,
3971,argentina vs austria - mundial 2026,https://t.me/c/2595202697/35451,"",,,
3972,resumen y goles - argentina vs austria - mundial 2026,https://t.me/c/2595202697/35452,"",,,
3973,resumen y goles - francia vs irak - mundial 2026,https://t.me/c/2595202697/35464,"",,,
3974,noruega vs senegal - mundial 2026,https://t.me/c/2595202697/35465,"",,,
3975,noruega vs senegal - mundial 2026,https://t.me/c/2595202697/35470,"",,,
3976,resumen y goles - noruega vs senegal - mundial 2026,https://t.me/c/2595202697/35471,"",,,
3977,jordania vs argelia - mundial 2026,https://t.me/c/2595202697/35476,"",,,
3978,resumen y goles - jordania vs argelia - mundial 2026,https://t.me/c/2595202697/35477,"",,,
3979,portugal vs uzbekistan -  mundial 2026,https://t.me/c/2595202697/35483,"",,,
3980,resumen y goles - portugal vs uzbekistan -  mundial 2026,https://t.me/c/2595202697/35484,"",,,
3981,inglaterra vs ghana - mundial 2026,https://t.me/c/2595202697/35492,"",,,
3982,resumen y goles - inglaterra vs ghana - mundial 2026,https://t.me/c/2595202697/35493,"",,,
3983,panama vs croacia - mundial 2026,https://t.me/c/2595202697/35499,"",,,
3984,resumen y goles - panama vs croacia - mundial 2026,https://t.me/c/2595202697/35500,"",,,
3985,colombia vs rd congo - mundial 2026,https://t.me/c/2595202697/35506,"",,,
3986,resumen y goles - colombia vs rd congo - mundial 2026,https://t.me/c/2595202697/35507,"",,,
3987,bosnia y herzegovina vs catar - mundial 2026,https://t.me/c/2595202697/35513,"",,,
3988,resumen y goles - bosnia y herzegovina vs catar - mundial 2026,https://t.me/c/2595202697/35514,"",,,
3989,los simpson simpsley (2026),https://t.me/c/2595202697/35520,"",,,
3990,un portero muy improbable (2026),https://t.me/c/2595202697/35525,"",,,
3991,william tell (2025),https://t.me/c/2595202697/35529,"",,,
3992,el pasajero del diablo (2026),https://t.me/c/2595202697/35533,"",,,
3993,deseo en manhattan (2026),https://t.me/c/2595202697/35537,"",,,
3994,super charlie (2024),https://t.me/c/2595202697/35541,"",,,
3995,que le paso a lunes (2017),https://t.me/c/2595202697/35545,"",,,
3996,el niño (2015),https://t.me/c/2595202697/35549,"",,,
3999,hasta el final (2026),https://t.me/c/2595202697/35565,"",,,
4006,belleza verdadera antes (2025),https://t.me/c/2595202697/35593,"",bellezave,,
3998,evil dead el despertar (2023),https://t.me/c/2595202697/35556,"",evildead,,
3997,posesion infernal (2013),https://t.me/c/2595202697/35553,"",evildead,"",
4000,el dia d bajo presion (2026),https://t.me/c/2595202697/35569,"",,,
4001,normal (2026),https://t.me/c/2595202697/35573,"",,,
4002,el legado de audrey (2025),https://t.me/c/2595202697/35577,"",,,
4003,la hija del rey (2022),https://t.me/c/2595202697/35581,"",,,
4004,bleach (2018),https://t.me/c/2595202697/35585,"",,,
4005,ecos mortales (2018),https://t.me/c/2595202697/35589,"",,,
4007,belleza verdadera despues (2025),https://t.me/c/2595202697/35598,"",bellezave,,
4008,suiza vs canada - mundial 2026,https://t.me/c/2595202697/35607,"",,,
4009,resumen y goles - suiza vs canada - mundial 2026,https://t.me/c/2595202697/35608,"",,,
4010,secretos de un escandalo (2023),https://t.me/c/2595202697/35615,"",,,
4011,el ases (2026),https://t.me/c/2595202697/35619,"",,,
4012,boulevard (2026),https://t.me/c/2595202697/35623,"",,,
4013,the furious (2026),https://t.me/c/2595202697/35627,"",,,
4014,a una isla de ti (2026),https://t.me/c/2595202697/35631,"",,,
4015,el bosque maldito (2019),https://t.me/c/2595202697/35635,"",,,
4016,mi muerte (2020),https://t.me/c/2595202697/35639,"",,,
4017,sputnik extraño pasajero (2020),https://t.me/c/2595202697/35643,"",,,
4018,cementerio de muñecos (2019),https://t.me/c/2595202697/35647,"",,,
4019,planeta duna (2021),https://t.me/c/2595202697/35651,"",,,
4020,amarga navidad (2026),https://t.me/c/2595202697/35655,"",,,
4021,Corazones en llamas (2025),https://t.me/c/2595202697/35659,"",,,
4022,un hombre lobo entre nosotros (2021),https://t.me/c/2595202697/35663,"",,,
4023,resident evil bienvenido a raccoon city (2021),https://t.me/c/2595202697/35667,"",,,
4024,marruecos vs haiti - mundial 2026,https://t.me/c/2595202697/35673,"",,,
4025,resumen y goles - marruecos vs haiti - mundial 2026,https://t.me/c/2595202697/35674,"",,,
4026,escocia vs brasil - mundial 2026,https://t.me/c/2595202697/35680,"",,,
4027,resumen y goles - escocia vs brasil - mundial 2026,https://t.me/c/2595202697/35681,"",,,
4028,cazadores de trolls (2010),https://t.me/c/2595202697/35686,"",,,
4029,un dia de suerte en nueva york (2025),https://t.me/c/2595202697/35690,"",,,
4030,backrooms sin salida (2026),https://t.me/c/2595202697/35694,"",,,
4031,la liga de la justicia de zack snyder (2021),https://t.me/c/2595202697/35702,"",,,
4032,el misterio de la casa del lago (2022),https://t.me/c/2595202697/35709,"",,,
4033,republica checa vs mexico - mundial 2026,https://t.me/c/2595202697/35731,"",,,
4034,resumen y goles - republica checa vs mexico - mundial 2026,https://t.me/c/2595202697/35732,"",,,
4035,sudafrica vs corea del sur - mundial 2026,https://t.me/c/2595202697/35738,"",,,
4036,resumen y goles - sudafrica vs corea del sur - mundial 2026,https://t.me/c/2595202697/35739,"",,,
4037,The Walking Dead (2010-2021)(Series),https://t.me/c/3719518424/5246,"",,,
4038,The Walking Dead: Daryl Dixon (2023-2025)(Series),https://t.me/c/3719518424/5462,"",,,
4039,The Walking Dead Sobrevivientes (2024)(Series),https://t.me/c/3719518424/5493,"",,,
8,el chico (1921),https://t.me/c/2595202697/19335,"",,"",
4,el circo (1928),https://t.me/c/2595202697/19317,"",,https://media.themoviedb.org/t/p/w300_and_h450_face/vlWZkAzInOFU0snxealMUTpyDCv.jpg,"Resumen
Ultimo film mudo de Chaplin. El vagabundo Charlot viaja con un circo ambulante y se enamora de una mujer jinete que esta enamorada de un musculoso trapecista. Mientras tanto, le suceden mil y una peripecias."
4040,Triton por accidente (1999),https://www.w3schools.com/html/mov_bbb.mp4,"",,https://media.themoviedb.org/t/p/w300_and_h450_face/cxOi9S1ps0kyQl9BMmWbQThIyT6.jpg,
4041,espadas de los guardianes: el viento se levanta en el desierto (2026),https://t.me/c/2595202697/35746,"",,,
4042,golden kamuy asalto a la prision de abashiri (2026),https://t.me/c/2595202697/35750,"",kamuy,,
4043,golden kamuy (2024),https://t.me/c/2595202697/35754,"",kamuy,,
4044,shoguns ninja (2025),https://t.me/c/2595202697/35765,"",,,
4045,el secreto del lago (2020),https://t.me/c/2595202697/35769,"",,,
4046,no entrar - do not enter (2026),https://t.me/c/2595202697/35773,"",,,
4047,resistencia (2020),https://t.me/c/2595202697/35777,"",,,
4048,"100 dias de resistencia (2019)",https://t.me/c/2595202697/35781,"",,,
4049,papa a cargo (2026),https://t.me/c/2595202697/35785,"",,,
4050,susana y elvira sin plan b (2026),https://t.me/c/2595202697/35789,"",,,
4051,la voluntad de dios  (2026),https://t.me/c/2595202697/35793,"",,,
4052,trampa mortal [pitfall] (2025),https://t.me/c/2595202697/35797,"",,,
4053,dead zone operacion rescate (2022),https://t.me/c/2595202697/35801,"",,,
4054,triton por accidente (1999),https://t.me/c/2595202697/35805,"",,,
4055,gantz o (2016),https://t.me/c/2595202697/35809,"",,,
4056,gantz (2010)-castellano,https://t.me/c/2595202697/35813,"",gantz,,
4057,gantz 2 (2011)-castellano,https://t.me/c/2595202697/35817,"",gantz,,
4058,supergirl (2026),https://t.me/c/2595202697/35825,"",,,
4059,avatar aang el ultimo maestro del aire (2026),https://t.me/c/2595202697/35829,"",,,
4060,la ahorcada (2026),https://t.me/c/2595202697/35833,"",,,
4061,aniversario (2025),https://t.me/c/2595202697/35837,"",,,
3,dracula (1931),https://t.me/c/2595202697/19312,"",,https://media.themoviedb.org/t/p/w533_and_h300_face/cemjdP7HrUyJAry85vRT19Hidbi.jpg,"Vista general:
Ésta es una de las primeras versiones sobre el mítico vampiro. Fue realizada por la Universal, productora especializada en el cine de terror. El conde Drácula abandona los Cárpatos y se traslada a Occidente, llevándose como sirviente a un contable. Una vez instalado, se enamora de una joven que ya está prometida. Empieza a a visitarla por las noches y va bebiendo su sangre poco a poco para convertirla así en su esposa. Pero el malestar que sufre la joven alerta a su familia, que busca la ayuda del doctor Van Helsing."
